{"timestamp": "2026-08-20T11:00:00.015Z", "level": "WARN", "event": "http_request", "request_id": "lab-000001", "instance_id": "app-01", "method": "GET", "path": "/missing", "status": 404, "duration_ms": 15.0}
{"timestamp": "2026-08-20T11:00:02.532Z", "level": "INFO", "event": "http_request", "request_id": "lab-000002", "instance_id": "app-02", "method": "GET", "path": "/health", "status": 200, "duration_ms": 32.0}
{"timestamp": "2026-08-20T11:00:05.049Z", "level": "INFO", "event": "http_request", "request_id": "lab-000003", "instance_id": "app-01", "method": "GET", "path": "/health", "status": 200, "duration_ms": 49.0}
{"timestamp": "2026-08-20T11:00:07.566Z", "level": "INFO", "event": "http_request", "request_id": "lab-000004", "instance_id": "app-02", "method": "GET", "path": "/ready", "status": 200, "duration_ms": 66.0}
{"timestamp": "2026-08-20T11:00:10.083Z", "level": "INFO", "event": "http_request", "request_id": "lab-000005", "instance_id": "app-01", "method": "GET", "path": "/ready", "status": 200, "duration_ms": 83.0}
{"timestamp": "2026-08-20T11:00:12.520Z", "level": "INFO", "event": "http_request", "request_id": "lab-000006", "instance_id": "app-02", "method": "GET", "path": "/records", "status": 200, "duration_ms": 20.0}
{"timestamp": "2026-08-20T11:00:15.037Z", "level": "INFO", "event": "http_request", "request_id": "lab-000007", "instance_id": "app-01", "method": "GET", "path": "/records", "status": 200, "duration_ms": 37.0}
{"timestamp": "2026-08-20T11:00:17.554Z", "level": "INFO", "event": "http_request", "request_id": "lab-000008", "instance_id": "app-02", "method": "GET", "path": "/counter", "status": 200, "duration_ms": 54.0}
{"timestamp": "2026-08-20T11:00:20.071Z", "level": "INFO", "event": "http_request", "request_id": "lab-000009", "instance_id": "app-01", "method": "GET", "path": "/counter", "status": 200, "duration_ms": 71.0}
{"timestamp": "2026-08-20T11:00:22.588Z", "level": "INFO", "event": "http_request", "request_id": "lab-000010", "instance_id": "app-02", "method": "GET", "path": "/instance", "status": 200, "duration_ms": 88.0}
{"timestamp": "2026-08-20T11:00:25.025Z", "level": "INFO", "event": "http_request", "request_id": "lab-000011", "instance_id": "app-01", "method": "GET", "path": "/instance", "status": 200, "duration_ms": 25.0}
{"timestamp": "2026-08-20T11:00:27.542Z", "level": "INFO", "event": "http_request", "request_id": "lab-000012", "instance_id": "app-02", "method": "GET", "path": "/", "status": 200, "duration_ms": 42.0}
{"timestamp": "2026-08-20T11:00:30.059Z", "level": "INFO", "event": "http_request", "request_id": "lab-000013", "instance_id": "app-01", "method": "GET", "path": "/", "status": 200, "duration_ms": 59.0}
{"timestamp": "2026-08-20T11:00:32.576Z", "level": "INFO", "event": "http_request", "request_id": "lab-000014", "instance_id": "app-02", "method": "GET", "path": "/health", "status": 200, "duration_ms": 76.0}
{"timestamp": "2026-08-20T11:00:35.093Z", "level": "INFO", "event": "http_request", "request_id": "lab-000015", "instance_id": "app-01", "method": "GET", "path": "/health", "status": 200, "duration_ms": 93.0}
{"timestamp": "2026-08-20T11:00:37.530Z", "level": "INFO", "event": "http_request", "request_id": "lab-000016", "instance_id": "app-02", "method": "GET", "path": "/ready", "status": 200, "duration_ms": 30.0}
{"timestamp": "2026-08-20T11:00:40.047Z", "level": "INFO", "event": "http_request", "request_id": "lab-000017", "instance_id": "app-01", "method": "GET", "path": "/ready", "status": 200, "duration_ms": 47.0}
{"timestamp": "2026-08-20T11:00:42.564Z", "level": "INFO", "event": "http_request", "request_id": "lab-000018", "instance_id": "app-02", "method": "GET", "path": "/records", "status": 200, "duration_ms": 64.0}
{"timestamp": "2026-08-20T11:00:45.081Z", "level": "INFO", "event": "http_request", "request_id": "lab-000019", "instance_id": "app-01", "method": "GET", "path": "/records", "status": 200, "duration_ms": 81.0}
{"timestamp": "2026-08-20T11:00:47.518Z", "level": "INFO", "event": "http_request", "request_id": "lab-000020", "instance_id": "app-02", "method": "GET", "path": "/counter", "status": 200, "duration_ms": 18.0}
{"timestamp": "2026-08-20T11:00:50.035Z", "level": "INFO", "event": "http_request", "request_id": "lab-000021", "instance_id": "app-01", "method": "GET", "path": "/counter", "status": 200, "duration_ms": 35.0}
{"timestamp": "2026-08-20T11:00:52.552Z", "level": "INFO", "event": "http_request", "request_id": "lab-000022", "instance_id": "app-02", "method": "GET", "path": "/instance", "status": 200, "duration_ms": 52.0}
{"timestamp": "2026-08-20T11:00:55.069Z", "level": "INFO", "event": "http_request", "request_id": "lab-000023", "instance_id": "app-01", "method": "GET", "path": "/instance", "status": 200, "duration_ms": 69.0}
{"timestamp": "2026-08-20T11:00:57.586Z", "level": "INFO", "event": "http_request", "request_id": "lab-000024", "instance_id": "app-02", "method": "GET", "path": "/", "status": 200, "duration_ms": 86.0}
{"timestamp": "2026-08-20T11:01:00.023Z", "level": "INFO", "event": "http_request", "request_id": "lab-000025", "instance_id": "app-01", "method": "GET", "path": "/", "status": 200, "duration_ms": 23.0}
{"timestamp": "2026-08-20T11:01:02.540Z", "level": "INFO", "event": "http_request", "request_id": "lab-000026", "instance_id": "app-02", "method": "GET", "path": "/health", "status": 200, "duration_ms": 40.0}
{"timestamp": "2026-08-20T11:01:05.057Z", "level": "INFO", "event": "http_request", "request_id": "lab-000027", "instance_id": "app-01", "method": "GET", "path": "/health", "status": 200, "duration_ms": 57.0}
{"timestamp": "2026-08-20T11:01:07.574Z", "level": "INFO", "event": "http_request", "request_id": "lab-000028", "instance_id": "app-02", "method": "GET", "path": "/ready", "status": 200, "duration_ms": 74.0}
{"timestamp": "2026-08-20T11:01:10.091Z", "level": "INFO", "event": "http_request", "request_id": "lab-000029", "instance_id": "app-01", "method": "GET", "path": "/ready", "status": 200, "duration_ms": 91.0}
{"timestamp": "2026-08-20T11:01:12.528Z", "level": "INFO", "event": "http_request", "request_id": "lab-000030", "instance_id": "app-02", "method": "GET", "path": "/records", "status": 200, "duration_ms": 28.0}
{"timestamp": "2026-08-20T11:01:15.045Z", "level": "INFO", "event": "http_request", "request_id": "lab-000031", "instance_id": "app-01", "method": "GET", "path": "/records", "status": 200, "duration_ms": 45.0}
{"timestamp": "2026-08-20T11:01:17.562Z", "level": "INFO", "event": "http_request", "request_id": "lab-000032", "instance_id": "app-02", "method": "GET", "path": "/counter", "status": 200, "duration_ms": 62.0}
{"timestamp": "2026-08-20T11:01:20.079Z", "level": "INFO", "event": "http_request", "request_id": "lab-000033", "instance_id": "app-01", "method": "GET", "path": "/counter", "status": 200, "duration_ms": 79.0}
{"timestamp": "2026-08-20T11:01:22.516Z", "level": "INFO", "event": "http_request", "request_id": "lab-000034", "instance_id": "app-02", "method": "GET", "path": "/instance", "status": 200, "duration_ms": 16.0}
{"timestamp": "2026-08-20T11:01:25.033Z", "level": "INFO", "event": "http_request", "request_id": "lab-000035", "instance_id": "app-01", "method": "GET", "path": "/instance", "status": 200, "duration_ms": 33.0}
{"timestamp": "2026-08-20T11:01:27.550Z", "level": "INFO", "event": "http_request", "request_id": "lab-000036", "instance_id": "app-02", "method": "GET", "path": "/", "status": 200, "duration_ms": 50.0}
{"timestamp": "2026-08-20T11:01:30.067Z", "level": "INFO", "event": "http_request", "request_id": "lab-000037", "instance_id": "app-01", "method": "GET", "path": "/", "status": 200, "duration_ms": 67.0}
{"timestamp": "2026-08-20T11:01:32.584Z", "level": "INFO", "event": "http_request", "request_id": "lab-000038", "instance_id": "app-02", "method": "GET", "path": "/health", "status": 200, "duration_ms": 84.0}
{"timestamp": "2026-08-20T11:01:35.021Z", "level": "INFO", "event": "http_request", "request_id": "lab-000039", "instance_id": "app-01", "method": "GET", "path": "/health", "status": 200, "duration_ms": 21.0}
{"timestamp": "2026-08-20T11:01:37.538Z", "level": "INFO", "event": "http_request", "request_id": "lab-000040", "instance_id": "app-02", "method": "GET", "path": "/ready", "status": 200, "duration_ms": 38.0}
{"timestamp": "2026-08-20T11:01:40.055Z", "level": "INFO", "event": "http_request", "request_id": "lab-000041", "instance_id": "app-01", "method": "GET", "path": "/ready", "status": 200, "duration_ms": 55.0}
{"timestamp": "2026-08-20T11:01:42.572Z", "level": "INFO", "event": "http_request", "request_id": "lab-000042", "instance_id": "app-02", "method": "GET", "path": "/records", "status": 200, "duration_ms": 72.0}
{"timestamp": "2026-08-20T11:01:45.089Z", "level": "INFO", "event": "http_request", "request_id": "lab-000043", "instance_id": "app-01", "method": "GET", "path": "/records", "status": 200, "duration_ms": 89.0}
{"timestamp": "2026-08-20T11:01:47.526Z", "level": "INFO", "event": "http_request", "request_id": "lab-000044", "instance_id": "app-02", "method": "GET", "path": "/counter", "status": 200, "duration_ms": 26.0}
{"timestamp": "2026-08-20T11:01:50.043Z", "level": "INFO", "event": "http_request", "request_id": "lab-000045", "instance_id": "app-01", "method": "GET", "path": "/counter", "status": 200, "duration_ms": 43.0}
{"timestamp": "2026-08-20T11:01:52.560Z", "level": "INFO", "event": "http_request", "request_id": "lab-000046", "instance_id": "app-02", "method": "GET", "path": "/instance", "status": 200, "duration_ms": 60.0}
{"timestamp": "2026-08-20T11:01:55.077Z", "level": "INFO", "event": "http_request", "request_id": "lab-000047", "instance_id": "app-01", "method": "GET", "path": "/instance", "status": 200, "duration_ms": 77.0}
{"timestamp": "2026-08-20T11:01:57.594Z", "level": "INFO", "event": "http_request", "request_id": "lab-000048", "instance_id": "app-02", "method": "GET", "path": "/", "status": 200, "duration_ms": 94.0}
{"timestamp": "2026-08-20T11:02:00.031Z", "level": "INFO", "event": "http_request", "request_id": "lab-000049", "instance_id": "app-01", "method": "GET", "path": "/", "status": 200, "duration_ms": 31.0}
{"timestamp": "2026-08-20T11:02:02.548Z", "level": "INFO", "event": "http_request", "request_id": "lab-000050", "instance_id": "app-02", "method": "GET", "path": "/health", "status": 200, "duration_ms": 48.0}
{"timestamp": "2026-08-20T11:02:05.065Z", "level": "INFO", "event": "http_request", "request_id": "lab-000051", "instance_id": "app-01", "method": "GET", "path": "/health", "status": 200, "duration_ms": 65.0}
{"timestamp": "2026-08-20T11:02:07.582Z", "level": "INFO", "event": "http_request", "request_id": "lab-000052", "instance_id": "app-02", "method": "GET", "path": "/ready", "status": 200, "duration_ms": 82.0}
{"timestamp": "2026-08-20T11:02:10.019Z", "level": "INFO", "event": "http_request", "request_id": "lab-000053", "instance_id": "app-01", "method": "GET", "path": "/ready", "status": 200, "duration_ms": 19.0}
{"timestamp": "2026-08-20T11:02:12.536Z", "level": "INFO", "event": "http_request", "request_id": "lab-000054", "instance_id": "app-02", "method": "GET", "path": "/records", "status": 200, "duration_ms": 36.0}
{"timestamp": "2026-08-20T11:02:15.053Z", "level": "INFO", "event": "http_request", "request_id": "lab-000055", "instance_id": "app-01", "method": "GET", "path": "/records", "status": 200, "duration_ms": 53.0}
{"timestamp": "2026-08-20T11:02:17.570Z", "level": "INFO", "event": "http_request", "request_id": "lab-000056", "instance_id": "app-02", "method": "GET", "path": "/counter", "status": 200, "duration_ms": 70.0}
{"timestamp": "2026-08-20T11:02:20.087Z", "level": "INFO", "event": "http_request", "request_id": "lab-000057", "instance_id": "app-01", "method": "GET", "path": "/counter", "status": 200, "duration_ms": 87.0}
{"timestamp": "2026-08-20T11:02:22.524Z", "level": "INFO", "event": "http_request", "request_id": "lab-000058", "instance_id": "app-02", "method": "GET", "path": "/instance", "status": 200, "duration_ms": 24.0}
{"timestamp": "2026-08-20T11:02:25.041Z", "level": "INFO", "event": "http_request", "request_id": "lab-000059", "instance_id": "app-01", "method": "GET", "path": "/instance", "status": 200, "duration_ms": 41.0}
{"timestamp": "2026-08-20T11:02:27.558Z", "level": "INFO", "event": "http_request", "request_id": "lab-000060", "instance_id": "app-02", "method": "GET", "path": "/", "status": 200, "duration_ms": 58.0}
{"timestamp": "2026-08-20T11:02:30.075Z", "level": "INFO", "event": "http_request", "request_id": "lab-000061", "instance_id": "app-01", "method": "GET", "path": "/", "status": 200, "duration_ms": 75.0}
{"timestamp": "2026-08-20T11:02:32.592Z", "level": "INFO", "event": "http_request", "request_id": "lab-000062", "instance_id": "app-02", "method": "GET", "path": "/health", "status": 200, "duration_ms": 92.0}
{"timestamp": "2026-08-20T11:02:35.029Z", "level": "INFO", "event": "http_request", "request_id": "lab-000063", "instance_id": "app-01", "method": "GET", "path": "/health", "status": 200, "duration_ms": 29.0}
{"timestamp": "2026-08-20T11:02:37.546Z", "level": "INFO", "event": "http_request", "request_id": "lab-000064", "instance_id": "app-02", "method": "GET", "path": "/ready", "status": 200, "duration_ms": 46.0}
{"timestamp": "2026-08-20T11:02:40.063Z", "level": "INFO", "event": "http_request", "request_id": "lab-000065", "instance_id": "app-01", "method": "GET", "path": "/ready", "status": 200, "duration_ms": 63.0}
{"timestamp": "2026-08-20T11:02:42.580Z", "level": "INFO", "event": "http_request", "request_id": "lab-000066", "instance_id": "app-02", "method": "GET", "path": "/records", "status": 200, "duration_ms": 80.0}
{"timestamp": "2026-08-20T11:02:45.017Z", "level": "INFO", "event": "http_request", "request_id": "lab-000067", "instance_id": "app-01", "method": "GET", "path": "/records", "status": 200, "duration_ms": 17.0}
{"timestamp": "2026-08-20T11:02:47.534Z", "level": "INFO", "event": "http_request", "request_id": "lab-000068", "instance_id": "app-02", "method": "GET", "path": "/counter", "status": 200, "duration_ms": 34.0}
{"timestamp": "2026-08-20T11:02:50.051Z", "level": "INFO", "event": "http_request", "request_id": "lab-000069", "instance_id": "app-01", "method": "GET", "path": "/counter", "status": 200, "duration_ms": 51.0}
{"timestamp": "2026-08-20T11:02:52.568Z", "level": "INFO", "event": "http_request", "request_id": "lab-000070", "instance_id": "app-02", "method": "GET", "path": "/instance", "status": 200, "duration_ms": 68.0}
{"timestamp": "2026-08-20T11:02:55.085Z", "level": "INFO", "event": "http_request", "request_id": "lab-000071", "instance_id": "app-01", "method": "GET", "path": "/instance", "status": 200, "duration_ms": 85.0}
{"timestamp": "2026-08-20T11:02:57.522Z", "level": "INFO", "event": "http_request", "request_id": "lab-000072", "instance_id": "app-02", "method": "GET", "path": "/", "status": 200, "duration_ms": 22.0}
{"timestamp": "2026-08-20T11:03:00.039Z", "level": "INFO", "event": "http_request", "request_id": "lab-000073", "instance_id": "app-01", "method": "GET", "path": "/", "status": 200, "duration_ms": 39.0}
{"timestamp": "2026-08-20T11:03:02.556Z", "level": "INFO", "event": "http_request", "request_id": "lab-000074", "instance_id": "app-02", "method": "GET", "path": "/health", "status": 200, "duration_ms": 56.0}
{"timestamp": "2026-08-20T11:03:05.073Z", "level": "INFO", "event": "http_request", "request_id": "lab-000075", "instance_id": "app-01", "method": "GET", "path": "/health", "status": 200, "duration_ms": 73.0}
{"timestamp": "2026-08-20T11:03:07.590Z", "level": "INFO", "event": "http_request", "request_id": "lab-000076", "instance_id": "app-02", "method": "GET", "path": "/ready", "status": 200, "duration_ms": 90.0}
{"timestamp": "2026-08-20T11:03:10.027Z", "level": "INFO", "event": "http_request", "request_id": "lab-000077", "instance_id": "app-01", "method": "GET", "path": "/ready", "status": 200, "duration_ms": 27.0}
{"timestamp": "2026-08-20T11:03:12.544Z", "level": "INFO", "event": "http_request", "request_id": "lab-000078", "instance_id": "app-02", "method": "GET", "path": "/records", "status": 200, "duration_ms": 44.0}
{"timestamp": "2026-08-20T11:03:15.061Z", "level": "INFO", "event": "http_request", "request_id": "lab-000079", "instance_id": "app-01", "method": "GET", "path": "/records", "status": 200, "duration_ms": 61.0}
{"timestamp": "2026-08-20T11:03:17.578Z", "level": "WARN", "event": "http_request", "request_id": "lab-000080", "instance_id": "app-02", "method": "GET", "path": "/missing", "status": 404, "duration_ms": 78.0}
{"timestamp": "2026-08-20T11:03:20.015Z", "level": "INFO", "event": "http_request", "request_id": "lab-000081", "instance_id": "app-01", "method": "GET", "path": "/counter", "status": 200, "duration_ms": 15.0}
{"timestamp": "2026-08-20T11:03:22.532Z", "level": "INFO", "event": "http_request", "request_id": "lab-000082", "instance_id": "app-02", "method": "GET", "path": "/instance", "status": 200, "duration_ms": 32.0}
{"timestamp": "2026-08-20T11:03:25.049Z", "level": "INFO", "event": "http_request", "request_id": "lab-000083", "instance_id": "app-01", "method": "GET", "path": "/instance", "status": 200, "duration_ms": 49.0}
{"timestamp": "2026-08-20T11:03:27.566Z", "level": "INFO", "event": "http_request", "request_id": "lab-000084", "instance_id": "app-02", "method": "GET", "path": "/", "status": 200, "duration_ms": 66.0}
{"timestamp": "2026-08-20T11:03:30.083Z", "level": "INFO", "event": "http_request", "request_id": "lab-000085", "instance_id": "app-01", "method": "GET", "path": "/", "status": 200, "duration_ms": 83.0}
{"timestamp": "2026-08-20T11:03:32.520Z", "level": "INFO", "event": "http_request", "request_id": "lab-000086", "instance_id": "app-02", "method": "GET", "path": "/health", "status": 200, "duration_ms": 20.0}
{"timestamp": "2026-08-20T11:03:35.037Z", "level": "INFO", "event": "http_request", "request_id": "lab-000087", "instance_id": "app-01", "method": "GET", "path": "/health", "status": 200, "duration_ms": 37.0}
{"timestamp": "2026-08-20T11:03:37.554Z", "level": "INFO", "event": "http_request", "request_id": "lab-000088", "instance_id": "app-02", "method": "GET", "path": "/ready", "status": 200, "duration_ms": 54.0}
{"timestamp": "2026-08-20T11:03:40.071Z", "level": "INFO", "event": "http_request", "request_id": "lab-000089", "instance_id": "app-01", "method": "GET", "path": "/ready", "status": 200, "duration_ms": 71.0}
{"timestamp": "2026-08-20T11:03:42.588Z", "level": "INFO", "event": "http_request", "request_id": "lab-000090", "instance_id": "app-02", "method": "GET", "path": "/records", "status": 200, "duration_ms": 88.0}
{"timestamp": "2026-08-20T11:03:45.025Z", "level": "INFO", "event": "http_request", "request_id": "lab-000091", "instance_id": "app-01", "method": "GET", "path": "/records", "status": 200, "duration_ms": 25.0}
{"timestamp": "2026-08-20T11:03:47.542Z", "level": "INFO", "event": "http_request", "request_id": "lab-000092", "instance_id": "app-02", "method": "GET", "path": "/counter", "status": 200, "duration_ms": 42.0}
{"timestamp": "2026-08-20T11:03:50.059Z", "level": "INFO", "event": "http_request", "request_id": "lab-000093", "instance_id": "app-01", "method": "GET", "path": "/counter", "status": 200, "duration_ms": 59.0}
{"timestamp": "2026-08-20T11:03:52.576Z", "level": "INFO", "event": "http_request", "request_id": "lab-000094", "instance_id": "app-02", "method": "GET", "path": "/instance", "status": 200, "duration_ms": 76.0}
{"timestamp": "2026-08-20T11:03:55.093Z", "level": "INFO", "event": "http_request", "request_id": "lab-000095", "instance_id": "app-01", "method": "GET", "path": "/instance", "status": 200, "duration_ms": 93.0}
{"timestamp": "2026-08-20T11:03:57.530Z", "level": "INFO", "event": "http_request", "request_id": "lab-000096", "instance_id": "app-02", "method": "GET", "path": "/", "status": 200, "duration_ms": 30.0}
{"timestamp": "2026-08-20T11:04:00.047Z", "level": "INFO", "event": "http_request", "request_id": "lab-000097", "instance_id": "app-01", "method": "GET", "path": "/", "status": 200, "duration_ms": 47.0}
{"timestamp": "2026-08-20T11:04:02.564Z", "level": "INFO", "event": "http_request", "request_id": "lab-000098", "instance_id": "app-02", "method": "GET", "path": "/health", "status": 200, "duration_ms": 64.0}
{"timestamp": "2026-08-20T11:04:05.081Z", "level": "INFO", "event": "http_request", "request_id": "lab-000099", "instance_id": "app-01", "method": "GET", "path": "/health", "status": 200, "duration_ms": 81.0}
{"timestamp": "2026-08-20T11:04:07.518Z", "level": "INFO", "event": "http_request", "request_id": "lab-000100", "instance_id": "app-02", "method": "GET", "path": "/ready", "status": 200, "duration_ms": 18.0}
{"timestamp": "2026-08-20T11:04:10.035Z", "level": "INFO", "event": "http_request", "request_id": "lab-000101", "instance_id": "app-01", "method": "GET", "path": "/ready", "status": 200, "duration_ms": 35.0}
{"timestamp": "2026-08-20T11:04:12.552Z", "level": "INFO", "event": "http_request", "request_id": "lab-000102", "instance_id": "app-02", "method": "GET", "path": "/records", "status": 200, "duration_ms": 52.0}
{"timestamp": "2026-08-20T11:04:15.069Z", "level": "INFO", "event": "http_request", "request_id": "lab-000103", "instance_id": "app-01", "method": "GET", "path": "/records", "status": 200, "duration_ms": 69.0}
{"timestamp": "2026-08-20T11:04:17.586Z", "level": "INFO", "event": "http_request", "request_id": "lab-000104", "instance_id": "app-02", "method": "GET", "path": "/counter", "status": 200, "duration_ms": 86.0}
{"timestamp": "2026-08-20T11:04:20.023Z", "level": "INFO", "event": "http_request", "request_id": "lab-000105", "instance_id": "app-01", "method": "GET", "path": "/counter", "status": 200, "duration_ms": 23.0}
{"timestamp": "2026-08-20T11:04:22.540Z", "level": "INFO", "event": "http_request", "request_id": "lab-000106", "instance_id": "app-02", "method": "GET", "path": "/instance", "status": 200, "duration_ms": 40.0}
{"timestamp": "2026-08-20T11:04:25.057Z", "level": "INFO", "event": "http_request", "request_id": "lab-000107", "instance_id": "app-01", "method": "GET", "path": "/instance", "status": 200, "duration_ms": 57.0}
{"timestamp": "2026-08-20T11:04:27.574Z", "level": "INFO", "event": "http_request", "request_id": "lab-000108", "instance_id": "app-02", "method": "GET", "path": "/", "status": 200, "duration_ms": 74.0}
{"timestamp": "2026-08-20T11:04:30.091Z", "level": "INFO", "event": "http_request", "request_id": "lab-000109", "instance_id": "app-01", "method": "GET", "path": "/", "status": 200, "duration_ms": 91.0}
{"timestamp": "2026-08-20T11:04:32.528Z", "level": "INFO", "event": "http_request", "request_id": "lab-000110", "instance_id": "app-02", "method": "GET", "path": "/health", "status": 200, "duration_ms": 28.0}
{"timestamp": "2026-08-20T11:04:35.045Z", "level": "INFO", "event": "http_request", "request_id": "lab-000111", "instance_id": "app-01", "method": "GET", "path": "/health", "status": 200, "duration_ms": 45.0}
{"timestamp": "2026-08-20T11:04:37.562Z", "level": "INFO", "event": "http_request", "request_id": "lab-000112", "instance_id": "app-02", "method": "GET", "path": "/ready", "status": 200, "duration_ms": 62.0}
{"timestamp": "2026-08-20T11:04:40.079Z", "level": "INFO", "event": "http_request", "request_id": "lab-000113", "instance_id": "app-01", "method": "GET", "path": "/ready", "status": 200, "duration_ms": 79.0}
{"timestamp": "2026-08-20T11:04:42.516Z", "level": "INFO", "event": "http_request", "request_id": "lab-000114", "instance_id": "app-02", "method": "GET", "path": "/records", "status": 200, "duration_ms": 16.0}
{"timestamp": "2026-08-20T11:04:45.033Z", "level": "INFO", "event": "http_request", "request_id": "lab-000115", "instance_id": "app-01", "method": "GET", "path": "/records", "status": 200, "duration_ms": 33.0}
{"timestamp": "2026-08-20T11:04:47.550Z", "level": "INFO", "event": "http_request", "request_id": "lab-000116", "instance_id": "app-02", "method": "GET", "path": "/counter", "status": 200, "duration_ms": 50.0}
{"timestamp": "2026-08-20T11:04:50.067Z", "level": "INFO", "event": "http_request", "request_id": "lab-000117", "instance_id": "app-01", "method": "GET", "path": "/counter", "status": 200, "duration_ms": 67.0}
{"timestamp": "2026-08-20T11:04:52.584Z", "level": "INFO", "event": "http_request", "request_id": "lab-000118", "instance_id": "app-02", "method": "GET", "path": "/instance", "status": 200, "duration_ms": 84.0}
{"timestamp": "2026-08-20T11:04:55.021Z", "level": "INFO", "event": "http_request", "request_id": "lab-000119", "instance_id": "app-01", "method": "GET", "path": "/instance", "status": 200, "duration_ms": 21.0}
{"timestamp": "2026-08-20T11:04:57.538Z", "level": "INFO", "event": "http_request", "request_id": "lab-000120", "instance_id": "app-02", "method": "GET", "path": "/", "status": 200, "duration_ms": 38.0}
{"timestamp": "2026-08-20T11:05:00.055Z", "level": "INFO", "event": "http_request", "request_id": "lab-000121", "instance_id": "app-01", "method": "GET", "path": "/", "status": 200, "duration_ms": 55.0}
{"timestamp": "2026-08-20T11:05:05.089Z", "level": "INFO", "event": "http_request", "request_id": "lab-000123", "instance_id": "app-01", "method": "GET", "path": "/health", "status": 200, "duration_ms": 89.0}
{"timestamp": "2026-08-20T11:05:07.620Z", "level": "INFO", "event": "http_request", "request_id": "lab-000124", "instance_id": "app-01", "method": "GET", "path": "/ready", "status": 200, "duration_ms": 120.0}
{"timestamp": "2026-08-20T11:05:10.043Z", "level": "INFO", "event": "http_request", "request_id": "lab-000125", "instance_id": "app-01", "method": "GET", "path": "/ready", "status": 200, "duration_ms": 43.0}
{"timestamp": "2026-08-20T11:05:15.077Z", "level": "INFO", "event": "http_request", "request_id": "lab-000127", "instance_id": "app-01", "method": "GET", "path": "/records", "status": 200, "duration_ms": 77.0}
{"timestamp": "2026-08-20T11:05:20.031Z", "level": "INFO", "event": "http_request", "request_id": "lab-000129", "instance_id": "app-01", "method": "GET", "path": "/counter", "status": 200, "duration_ms": 31.0}
{"timestamp": "2026-08-20T11:05:22.620Z", "level": "INFO", "event": "http_request", "request_id": "lab-000130", "instance_id": "app-01", "method": "GET", "path": "/instance", "status": 200, "duration_ms": 120.0}
{"timestamp": "2026-08-20T11:05:25.065Z", "level": "INFO", "event": "http_request", "request_id": "lab-000131", "instance_id": "app-01", "method": "GET", "path": "/instance", "status": 200, "duration_ms": 65.0}
{"timestamp": "2026-08-20T11:05:30.019Z", "level": "INFO", "event": "http_request", "request_id": "lab-000133", "instance_id": "app-01", "method": "GET", "path": "/", "status": 200, "duration_ms": 19.0}
{"timestamp": "2026-08-20T11:05:35.053Z", "level": "INFO", "event": "http_request", "request_id": "lab-000135", "instance_id": "app-01", "method": "GET", "path": "/health", "status": 200, "duration_ms": 53.0}
{"timestamp": "2026-08-20T11:05:37.620Z", "level": "INFO", "event": "http_request", "request_id": "lab-000136", "instance_id": "app-01", "method": "GET", "path": "/ready", "status": 200, "duration_ms": 120.0}
{"timestamp": "2026-08-20T11:05:40.087Z", "level": "INFO", "event": "http_request", "request_id": "lab-000137", "instance_id": "app-01", "method": "GET", "path": "/ready", "status": 200, "duration_ms": 87.0}
{"timestamp": "2026-08-20T11:05:45.041Z", "level": "INFO", "event": "http_request", "request_id": "lab-000139", "instance_id": "app-01", "method": "GET", "path": "/records", "status": 200, "duration_ms": 41.0}
{"timestamp": "2026-08-20T11:05:50.075Z", "level": "INFO", "event": "http_request", "request_id": "lab-000141", "instance_id": "app-01", "method": "GET", "path": "/counter", "status": 200, "duration_ms": 75.0}
{"timestamp": "2026-08-20T11:05:52.620Z", "level": "INFO", "event": "http_request", "request_id": "lab-000142", "instance_id": "app-01", "method": "GET", "path": "/instance", "status": 200, "duration_ms": 120.0}
{"timestamp": "2026-08-20T11:05:55.029Z", "level": "INFO", "event": "http_request", "request_id": "lab-000143", "instance_id": "app-01", "method": "GET", "path": "/instance", "status": 200, "duration_ms": 29.0}
{"timestamp": "2026-08-20T11:06:00.063Z", "level": "INFO", "event": "http_request", "request_id": "lab-000145", "instance_id": "app-01", "method": "GET", "path": "/", "status": 200, "duration_ms": 63.0}
{"timestamp": "2026-08-20T11:06:05.017Z", "level": "INFO", "event": "http_request", "request_id": "lab-000147", "instance_id": "app-01", "method": "GET", "path": "/health", "status": 200, "duration_ms": 17.0}
{"timestamp": "2026-08-20T11:06:07.620Z", "level": "INFO", "event": "http_request", "request_id": "lab-000148", "instance_id": "app-01", "method": "GET", "path": "/ready", "status": 200, "duration_ms": 120.0}
{"timestamp": "2026-08-20T11:06:10.051Z", "level": "INFO", "event": "http_request", "request_id": "lab-000149", "instance_id": "app-01", "method": "GET", "path": "/ready", "status": 200, "duration_ms": 51.0}
{"timestamp": "2026-08-20T11:06:15.085Z", "level": "INFO", "event": "http_request", "request_id": "lab-000151", "instance_id": "app-01", "method": "GET", "path": "/records", "status": 200, "duration_ms": 85.0}
{"timestamp": "2026-08-20T11:06:20.039Z", "level": "INFO", "event": "http_request", "request_id": "lab-000153", "instance_id": "app-01", "method": "GET", "path": "/counter", "status": 200, "duration_ms": 39.0}
{"timestamp": "2026-08-20T11:06:22.620Z", "level": "INFO", "event": "http_request", "request_id": "lab-000154", "instance_id": "app-01", "method": "GET", "path": "/instance", "status": 200, "duration_ms": 120.0}
{"timestamp": "2026-08-20T11:06:25.073Z", "level": "INFO", "event": "http_request", "request_id": "lab-000155", "instance_id": "app-01", "method": "GET", "path": "/instance", "status": 200, "duration_ms": 73.0}
{"timestamp": "2026-08-20T11:06:30.027Z", "level": "INFO", "event": "http_request", "request_id": "lab-000157", "instance_id": "app-01", "method": "GET", "path": "/", "status": 200, "duration_ms": 27.0}
{"timestamp": "2026-08-20T11:06:35.061Z", "level": "WARN", "event": "http_request", "request_id": "lab-000159", "instance_id": "app-01", "method": "GET", "path": "/missing", "status": 404, "duration_ms": 61.0}
{"timestamp": "2026-08-20T11:06:37.620Z", "level": "INFO", "event": "http_request", "request_id": "lab-000160", "instance_id": "app-01", "method": "GET", "path": "/ready", "status": 200, "duration_ms": 120.0}
{"timestamp": "2026-08-20T11:06:40.015Z", "level": "INFO", "event": "http_request", "request_id": "lab-000161", "instance_id": "app-01", "method": "GET", "path": "/ready", "status": 200, "duration_ms": 15.0}
{"timestamp": "2026-08-20T11:06:45.049Z", "level": "INFO", "event": "http_request", "request_id": "lab-000163", "instance_id": "app-01", "method": "GET", "path": "/records", "status": 200, "duration_ms": 49.0}
{"timestamp": "2026-08-20T11:06:50.083Z", "level": "INFO", "event": "http_request", "request_id": "lab-000165", "instance_id": "app-01", "method": "GET", "path": "/counter", "status": 200, "duration_ms": 83.0}
{"timestamp": "2026-08-20T11:06:52.620Z", "level": "INFO", "event": "http_request", "request_id": "lab-000166", "instance_id": "app-01", "method": "GET", "path": "/instance", "status": 200, "duration_ms": 120.0}
{"timestamp": "2026-08-20T11:06:55.037Z", "level": "INFO", "event": "http_request", "request_id": "lab-000167", "instance_id": "app-01", "method": "GET", "path": "/instance", "status": 200, "duration_ms": 37.0}
{"timestamp": "2026-08-20T11:07:00.071Z", "level": "INFO", "event": "http_request", "request_id": "lab-000169", "instance_id": "app-01", "method": "GET", "path": "/", "status": 200, "duration_ms": 71.0}
{"timestamp": "2026-08-20T11:07:05.025Z", "level": "INFO", "event": "http_request", "request_id": "lab-000171", "instance_id": "app-01", "method": "GET", "path": "/health", "status": 200, "duration_ms": 25.0}
{"timestamp": "2026-08-20T11:07:07.620Z", "level": "INFO", "event": "http_request", "request_id": "lab-000172", "instance_id": "app-01", "method": "GET", "path": "/ready", "status": 200, "duration_ms": 120.0}
{"timestamp": "2026-08-20T11:07:10.059Z", "level": "INFO", "event": "http_request", "request_id": "lab-000173", "instance_id": "app-01", "method": "GET", "path": "/ready", "status": 200, "duration_ms": 59.0}
{"timestamp": "2026-08-20T11:07:15.093Z", "level": "INFO", "event": "http_request", "request_id": "lab-000175", "instance_id": "app-01", "method": "GET", "path": "/records", "status": 200, "duration_ms": 93.0}
{"timestamp": "2026-08-20T11:07:20.047Z", "level": "INFO", "event": "http_request", "request_id": "lab-000177", "instance_id": "app-01", "method": "GET", "path": "/counter", "status": 200, "duration_ms": 47.0}
{"timestamp": "2026-08-20T11:07:22.620Z", "level": "INFO", "event": "http_request", "request_id": "lab-000178", "instance_id": "app-01", "method": "GET", "path": "/instance", "status": 200, "duration_ms": 120.0}
{"timestamp": "2026-08-20T11:07:25.081Z", "level": "INFO", "event": "http_request", "request_id": "lab-000179", "instance_id": "app-01", "method": "GET", "path": "/instance", "status": 200, "duration_ms": 81.0}
{"timestamp": "2026-08-20T11:07:30.035Z", "level": "INFO", "event": "http_request", "request_id": "lab-000181", "instance_id": "app-01", "method": "GET", "path": "/", "status": 200, "duration_ms": 35.0}
{"timestamp": "2026-08-20T11:07:30.035Z", "level": "INFO", "event": "http_request", "request_id": "lab-000181", "instance_id": "app-01", "method": "GET", "path": "/", "status": 200, "duration_ms": 35.0}
{"timestamp": "2026-08-20T11:07:35.069Z", "level": "INFO", "event": "http_request", "request_id": "lab-000183", "instance_id": "app-01", "method": "GET", "path": "/health", "status": 200, "duration_ms": 69.0}
{"timestamp": "2026-08-20T11:07:37.620Z", "level": "INFO", "event": "http_request", "request_id": "lab-000184", "instance_id": "app-01", "method": "GET", "path": "/ready", "status": 200, "duration_ms": 120.0}
{"timestamp": "2026-08-20T11:07:40.023Z", "level": "INFO", "event": "http_request", "request_id": "lab-000185", "instance_id": "app-01", "method": "GET", "path": "/ready", "status": 200, "duration_ms": 23.0}
{"timestamp": "2026-08-20T11:07:45.057Z", "level": "INFO", "event": "http_request", "request_id": "lab-000187", "instance_id": "app-01", "method": "GET", "path": "/records", "status": 200, "duration_ms": 57.0}
{"timestamp": "2026-08-20T11:07:50.091Z", "level": "INFO", "event": "http_request", "request_id": "lab-000189", "instance_id": "app-01", "method": "GET", "path": "/counter", "status": 200, "duration_ms": 91.0}
{"timestamp": "2026-08-20T11:07:52.620Z", "level": "INFO", "event": "http_request", "request_id": "lab-000190", "instance_id": "app-01", "method": "GET", "path": "/instance", "status": 200, "duration_ms": 120.0}
{"timestamp": "2026-08-20T11:07:55.045Z", "level": "INFO", "event": "http_request", "request_id": "lab-000191", "instance_id": "app-01", "method": "GET", "path": "/instance", "status": 200, "duration_ms": 45.0}
{"timestamp": "2026-08-20T11:08:00.079Z", "level": "INFO", "event": "http_request", "request_id": "lab-000193", "instance_id": "app-01", "method": "GET", "path": "/", "status": 200, "duration_ms": 79.0}
{"timestamp": "2026-08-20T11:08:05.033Z", "level": "INFO", "event": "http_request", "request_id": "lab-000195", "instance_id": "app-01", "method": "GET", "path": "/health", "status": 200, "duration_ms": 33.0}
{"timestamp": "2026-08-20T11:08:07.620Z", "level": "INFO", "event": "http_request", "request_id": "lab-000196", "instance_id": "app-01", "method": "GET", "path": "/ready", "status": 200, "duration_ms": 120.0}
{"timestamp": "2026-08-20T11:08:10.067Z", "level": "INFO", "event": "http_request", "request_id": "lab-000197", "instance_id": "app-01", "method": "GET", "path": "/ready", "status": 200, "duration_ms": 67.0}
{"timestamp": "2026-08-20T11:08:15.021Z", "level": "INFO", "event": "http_request", "request_id": "lab-000199", "instance_id": "app-01", "method": "GET", "path": "/records", "status": 200, "duration_ms": 21.0}
{"timestamp": "2026-08-20T11:08:20.055Z", "level": "INFO", "event": "http_request", "request_id": "lab-000201", "instance_id": "app-01", "method": "GET", "path": "/counter", "status": 200, "duration_ms": 55.0}
{"timestamp": "2026-08-20T11:08:22.620Z", "level": "INFO", "event": "http_request", "request_id": "lab-000202", "instance_id": "app-01", "method": "GET", "path": "/instance", "status": 200, "duration_ms": 120.0}
{"timestamp": "2026-08-20T11:08:25.089Z", "level": "INFO", "event": "http_request", "request_id": "lab-000203", "instance_id": "app-01", "method": "GET", "path": "/instance", "status": 200, "duration_ms": 89.0}
{"timestamp": "2026-08-20T11:08:30.043Z", "level": "INFO", "event": "http_request", "request_id": "lab-000205", "instance_id": "app-01", "method": "GET", "path": "/", "status": 200, "duration_ms": 43.0}
{"timestamp": "2026-08-20T11:08:35.077Z", "level": "INFO", "event": "http_request", "request_id": "lab-000207", "instance_id": "app-01", "method": "GET", "path": "/health", "status": 200, "duration_ms": 77.0}
{"timestamp": "2026-08-20T11:08:37.620Z", "level": "INFO", "event": "http_request", "request_id": "lab-000208", "instance_id": "app-01", "method": "GET", "path": "/ready", "status": 200, "duration_ms": 120.0}
{"timestamp": "2026-08-20T11:08:40.031Z", "level": "INFO", "event": "http_request", "request_id": "lab-000209", "instance_id": "app-01", "method": "GET", "path": "/ready", "status": 200, "duration_ms": 31.0}
{"timestamp": "2026-08-20T11:08:45.065Z", "level": "INFO", "event": "http_request", "request_id": "lab-000211", "instance_id": "app-01", "method": "GET", "path": "/records", "status": 200, "duration_ms": 65.0}
{"timestamp": "2026-08-20T11:08:50.019Z", "level": "INFO", "event": "http_request", "request_id": "lab-000213", "instance_id": "app-01", "method": "GET", "path": "/counter", "status": 200, "duration_ms": 19.0}
{"timestamp": "2026-08-20T11:08:52.620Z", "level": "INFO", "event": "http_request", "request_id": "lab-000214", "instance_id": "app-01", "method": "GET", "path": "/instance", "status": 200, "duration_ms": 120.0}
{"timestamp": "2026-08-20T11:08:55.053Z", "level": "INFO", "event": "http_request", "request_id": "lab-000215", "instance_id": "app-01", "method": "GET", "path": "/instance", "status": 200, "duration_ms": 53.0}
{"timestamp": "2026-08-20T11:09:00.087Z", "level": "INFO", "event": "http_request", "request_id": "lab-000217", "instance_id": "app-01", "method": "GET", "path": "/", "status": 200, "duration_ms": 87.0}
{"timestamp": "2026-08-20T11:09:05.041Z", "level": "INFO", "event": "http_request", "request_id": "lab-000219", "instance_id": "app-01", "method": "GET", "path": "/health", "status": 200, "duration_ms": 41.0}
{"timestamp": "2026-08-20T11:09:07.620Z", "level": "INFO", "event": "http_request", "request_id": "lab-000220", "instance_id": "app-01", "method": "GET", "path": "/ready", "status": 200, "duration_ms": 120.0}
{"timestamp": "2026-08-20T11:09:10.075Z", "level": "INFO", "event": "http_request", "request_id": "lab-000221", "instance_id": "app-01", "method": "GET", "path": "/ready", "status": 200, "duration_ms": 75.0}
{"timestamp": "2026-08-20T11:09:15.029Z", "level": "INFO", "event": "http_request", "request_id": "lab-000223", "instance_id": "app-01", "method": "GET", "path": "/records", "status": 200, "duration_ms": 29.0}
{"timestamp": "2026-08-20T11:09:20.063Z", "level": "INFO", "event": "http_request", "request_id": "lab-000225", "instance_id": "app-01", "method": "GET", "path": "/counter", "status": 200, "duration_ms": 63.0}
{"timestamp": "2026-08-20T11:09:22.620Z", "level": "INFO", "event": "http_request", "request_id": "lab-000226", "instance_id": "app-01", "method": "GET", "path": "/instance", "status": 200, "duration_ms": 120.0}
{"timestamp": "2026-08-20T11:09:25.017Z", "level": "INFO", "event": "http_request", "request_id": "lab-000227", "instance_id": "app-01", "method": "GET", "path": "/instance", "status": 200, "duration_ms": 17.0}
{"timestamp": "2026-08-20T11:09:30.051Z", "level": "INFO", "event": "http_request", "request_id": "lab-000229", "instance_id": "app-01", "method": "GET", "path": "/", "status": 200, "duration_ms": 51.0}
{"timestamp": "2026-08-20T11:09:35.085Z", "level": "INFO", "event": "http_request", "request_id": "lab-000231", "instance_id": "app-01", "method": "GET", "path": "/health", "status": 200, "duration_ms": 85.0}
{"timestamp": "2026-08-20T11:09:37.620Z", "level": "INFO", "event": "http_request", "request_id": "lab-000232", "instance_id": "app-01", "method": "GET", "path": "/ready", "status": 200, "duration_ms": 120.0}
{"timestamp": "2026-08-20T11:09:40.039Z", "level": "INFO", "event": "http_request", "request_id": "lab-000233", "instance_id": "app-01", "method": "GET", "path": "/ready", "status": 200, "duration_ms": 39.0}
{"timestamp": "2026-08-20T11:09:45.073Z", "level": "INFO", "event": "http_request", "request_id": "lab-000235", "instance_id": "app-01", "method": "GET", "path": "/records", "status": 200, "duration_ms": 73.0}
{"timestamp": "2026-08-20T11:09:50.027Z", "level": "INFO", "event": "http_request", "request_id": "lab-000237", "instance_id": "app-01", "method": "GET", "path": "/counter", "status": 200, "duration_ms": 27.0}
{"timestamp": "2026-08-20T11:09:52.544Z", "level": "WARN", "event": "http_request", "request_id": "lab-000238", "instance_id": "app-02", "method": "GET", "path": "/missing", "status": 404, "duration_ms": 44.0}
{"timestamp": "2026-08-20T11:09:55.061Z", "level": "INFO", "event": "http_request", "request_id": "lab-000239", "instance_id": "app-01", "method": "GET", "path": "/instance", "status": 200, "duration_ms": 61.0}
{"timestamp": "2026-08-20T11:10:00.015Z", "level": "INFO", "event": "http_request", "request_id": "lab-000241", "instance_id": "app-01", "method": "GET", "path": "/", "status": 200, "duration_ms": 15.0}
{"timestamp": "2026-08-20T11:10:02.532Z", "level": "INFO", "event": "http_request", "request_id": "lab-000242", "instance_id": "app-02", "method": "GET", "path": "/health", "status": 200, "duration_ms": 32.0}
{"timestamp": "2026-08-20T11:10:05.049Z", "level": "INFO", "event": "http_request", "request_id": "lab-000243", "instance_id": "app-01", "method": "GET", "path": "/health", "status": 200, "duration_ms": 49.0}
{"timestamp": "2026-08-20T11:10:07.566Z", "level": "INFO", "event": "http_request", "request_id": "lab-000244", "instance_id": "app-02", "method": "GET", "path": "/ready", "status": 200, "duration_ms": 66.0}
{"timestamp": "2026-08-20T11:10:10.083Z", "level": "INFO", "event": "http_request", "request_id": "lab-000245", "instance_id": "app-01", "method": "GET", "path": "/ready", "status": 200, "duration_ms": 83.0}
{"timestamp": "2026-08-20T11:10:12.520Z", "level": "INFO", "event": "http_request", "request_id": "lab-000246", "instance_id": "app-02", "method": "GET", "path": "/records", "status": 200, "duration_ms": 20.0}
{"timestamp": "2026-08-20T11:10:15.037Z", "level": "INFO", "event": "http_request", "request_id": "lab-000247", "instance_id": "app-01", "method": "GET", "path": "/records", "status": 200, "duration_ms": 37.0}
{"timestamp": "2026-08-20T11:10:17.554Z", "level": "INFO", "event": "http_request", "request_id": "lab-000248", "instance_id": "app-02", "method": "GET", "path": "/counter", "status": 200, "duration_ms": 54.0}
{"timestamp": "2026-08-20T11:10:20.071Z", "level": "INFO", "event": "http_request", "request_id": "lab-000249", "instance_id": "app-01", "method": "GET", "path": "/counter", "status": 200, "duration_ms": 71.0}
{"timestamp": "2026-08-20T11:10:22.588Z", "level": "INFO", "event": "http_request", "request_id": "lab-000250", "instance_id": "app-02", "method": "GET", "path": "/instance", "status": 200, "duration_ms": 88.0}
{"timestamp": "2026-08-20T11:10:25.025Z", "level": "INFO", "event": "http_request", "request_id": "lab-000251", "instance_id": "app-01", "method": "GET", "path": "/instance", "status": 200, "duration_ms": 25.0}
{"timestamp": "2026-08-20T11:10:27.542Z", "level": "INFO", "event": "http_request", "request_id": "lab-000252", "instance_id": "app-02", "method": "GET", "path": "/", "status": 200, "duration_ms": 42.0}
{"timestamp": "2026-08-20T11:10:30.059Z", "level": "INFO", "event": "http_request", "request_id": "lab-000253", "instance_id": "app-01", "method": "GET", "path": "/", "status": 200, "duration_ms": 59.0}
{"timestamp": "2026-08-20T11:10:32.576Z", "level": "INFO", "event": "http_request", "request_id": "lab-000254", "instance_id": "app-02", "method": "GET", "path": "/health", "status": 200, "duration_ms": 76.0}
{"timestamp": "2026-08-20T11:10:35.093Z", "level": "INFO", "event": "http_request", "request_id": "lab-000255", "instance_id": "app-01", "method": "GET", "path": "/health", "status": 200, "duration_ms": 93.0}
{"timestamp": "2026-08-20T11:10:37.530Z", "level": "INFO", "event": "http_request", "request_id": "lab-000256", "instance_id": "app-02", "method": "GET", "path": "/ready", "status": 200, "duration_ms": 30.0}
{"timestamp": "2026-08-20T11:10:40.047Z", "level": "INFO", "event": "http_request", "request_id": "lab-000257", "instance_id": "app-01", "method": "GET", "path": "/ready", "status": 200, "duration_ms": 47.0}
{"timestamp": "2026-08-20T11:10:42.564Z", "level": "INFO", "event": "http_request", "request_id": "lab-000258", "instance_id": "app-02", "method": "GET", "path": "/records", "status": 200, "duration_ms": 64.0}
{"timestamp": "2026-08-20T11:10:45.081Z", "level": "INFO", "event": "http_request", "request_id": "lab-000259", "instance_id": "app-01", "method": "GET", "path": "/records", "status": 200, "duration_ms": 81.0}
{"timestamp": "2026-08-20T11:10:47.518Z", "level": "INFO", "event": "http_request", "request_id": "lab-000260", "instance_id": "app-02", "method": "GET", "path": "/counter", "status": 200, "duration_ms": 18.0}
{"timestamp": "2026-08-20T11:10:50.035Z", "level": "INFO", "event": "http_request", "request_id": "lab-000261", "instance_id": "app-01", "method": "GET", "path": "/counter", "status": 200, "duration_ms": 35.0}
{"timestamp": "2026-08-20T11:10:52.552Z", "level": "INFO", "event": "http_request", "request_id": "lab-000262", "instance_id": "app-02", "method": "GET", "path": "/instance", "status": 200, "duration_ms": 52.0}
{"timestamp": "2026-08-20T11:10:55.069Z", "level": "INFO", "event": "http_request", "request_id": "lab-000263", "instance_id": "app-01", "method": "GET", "path": "/instance", "status": 200, "duration_ms": 69.0}
{"timestamp": "2026-08-20T11:10:57.586Z", "level": "INFO", "event": "http_request", "request_id": "lab-000264", "instance_id": "app-02", "method": "GET", "path": "/", "status": 200, "duration_ms": 86.0}
{"timestamp": "2026-08-20T11:11:00.023Z", "level": "INFO", "event": "http_request", "request_id": "lab-000265", "instance_id": "app-01", "method": "GET", "path": "/", "status": 200, "duration_ms": 23.0}
{"timestamp": "2026-08-20T11:11:02.540Z", "level": "INFO", "event": "http_request", "request_id": "lab-000266", "instance_id": "app-02", "method": "GET", "path": "/health", "status": 200, "duration_ms": 40.0}
{"timestamp": "2026-08-20T11:11:05.057Z", "level": "INFO", "event": "http_request", "request_id": "lab-000267", "instance_id": "app-01", "method": "GET", "path": "/health", "status": 200, "duration_ms": 57.0}
{"timestamp": "2026-08-20T11:11:07.574Z", "level": "INFO", "event": "http_request", "request_id": "lab-000268", "instance_id": "app-02", "method": "GET", "path": "/ready", "status": 200, "duration_ms": 74.0}
{"timestamp": "2026-08-20T11:11:10.091Z", "level": "INFO", "event": "http_request", "request_id": "lab-000269", "instance_id": "app-01", "method": "GET", "path": "/ready", "status": 200, "duration_ms": 91.0}
{"timestamp": "2026-08-20T11:11:12.528Z", "level": "INFO", "event": "http_request", "request_id": "lab-000270", "instance_id": "app-02", "method": "GET", "path": "/records", "status": 200, "duration_ms": 28.0}
{"timestamp": "2026-08-20T11:11:15.045Z", "level": "INFO", "event": "http_request", "request_id": "lab-000271", "instance_id": "app-01", "method": "GET", "path": "/records", "status": 200, "duration_ms": 45.0}
{"timestamp": "2026-08-20T11:11:17.562Z", "level": "INFO", "event": "http_request", "request_id": "lab-000272", "instance_id": "app-02", "method": "GET", "path": "/counter", "status": 200, "duration_ms": 62.0}
{"timestamp": "2026-08-20T11:11:20.079Z", "level": "INFO", "event": "http_request", "request_id": "lab-000273", "instance_id": "app-01", "method": "GET", "path": "/counter", "status": 200, "duration_ms": 79.0}
{"timestamp": "2026-08-20T11:11:22.516Z", "level": "INFO", "event": "http_request", "request_id": "lab-000274", "instance_id": "app-02", "method": "GET", "path": "/instance", "status": 200, "duration_ms": 16.0}
{"timestamp": "2026-08-20T11:11:25.033Z", "level": "INFO", "event": "http_request", "request_id": "lab-000275", "instance_id": "app-01", "method": "GET", "path": "/instance", "status": 200, "duration_ms": 33.0}
{"timestamp": "2026-08-20T11:11:27.550Z", "level": "INFO", "event": "http_request", "request_id": "lab-000276", "instance_id": "app-02", "method": "GET", "path": "/", "status": 200, "duration_ms": 50.0}
{"timestamp": "2026-08-20T11:11:30.067Z", "level": "INFO", "event": "http_request", "request_id": "lab-000277", "instance_id": "app-01", "method": "GET", "path": "/", "status": 200, "duration_ms": 67.0}
{"timestamp": "2026-08-20T11:11:32.584Z", "level": "INFO", "event": "http_request", "request_id": "lab-000278", "instance_id": "app-02", "method": "GET", "path": "/health", "status": 200, "duration_ms": 84.0}
{"timestamp": "2026-08-20T11:11:35.021Z", "level": "INFO", "event": "http_request", "request_id": "lab-000279", "instance_id": "app-01", "method": "GET", "path": "/health", "status": 200, "duration_ms": 21.0}
{"timestamp": "2026-08-20T11:11:37.538Z", "level": "INFO", "event": "http_request", "request_id": "lab-000280", "instance_id": "app-02", "method": "GET", "path": "/ready", "status": 200, "duration_ms": 38.0}
{"timestamp": "2026-08-20T11:11:40.055Z", "level": "INFO", "event": "http_request", "request_id": "lab-000281", "instance_id": "app-01", "method": "GET", "path": "/ready", "status": 200, "duration_ms": 55.0}
{"timestamp": "2026-08-20T11:11:42.572Z", "level": "INFO", "event": "http_request", "request_id": "lab-000282", "instance_id": "app-02", "method": "GET", "path": "/records", "status": 200, "duration_ms": 72.0}
{"timestamp": "2026-08-20T11:11:45.089Z", "level": "INFO", "event": "http_request", "request_id": "lab-000283", "instance_id": "app-01", "method": "GET", "path": "/records", "status": 200, "duration_ms": 89.0}
{"timestamp": "2026-08-20T11:11:47.526Z", "level": "INFO", "event": "http_request", "request_id": "lab-000284", "instance_id": "app-02", "method": "GET", "path": "/counter", "status": 200, "duration_ms": 26.0}
{"timestamp": "2026-08-20T11:11:50.043Z", "level": "INFO", "event": "http_request", "request_id": "lab-000285", "instance_id": "app-01", "method": "GET", "path": "/counter", "status": 200, "duration_ms": 43.0}
{"timestamp": "2026-08-20T11:11:52.560Z", "level": "INFO", "event": "http_request", "request_id": "lab-000286", "instance_id": "app-02", "method": "GET", "path": "/instance", "status": 200, "duration_ms": 60.0}
{"timestamp": "2026-08-20T11:11:55.077Z", "level": "INFO", "event": "http_request", "request_id": "lab-000287", "instance_id": "app-01", "method": "GET", "path": "/instance", "status": 200, "duration_ms": 77.0}
{"timestamp": "2026-08-20T11:11:57.594Z", "level": "INFO", "event": "http_request", "request_id": "lab-000288", "instance_id": "app-02", "method": "GET", "path": "/", "status": 200, "duration_ms": 94.0}
{"timestamp": "2026-08-20T11:12:00.031Z", "level": "INFO", "event": "http_request", "request_id": "lab-000289", "instance_id": "app-01", "method": "GET", "path": "/", "status": 200, "duration_ms": 31.0}
{"timestamp": "2026-08-20T11:12:02.548Z", "level": "INFO", "event": "http_request", "request_id": "lab-000290", "instance_id": "app-02", "method": "GET", "path": "/health", "status": 200, "duration_ms": 48.0}
{"timestamp": "2026-08-20T11:12:05.065Z", "level": "INFO", "event": "http_request", "request_id": "lab-000291", "instance_id": "app-01", "method": "GET", "path": "/health", "status": 200, "duration_ms": 65.0}
{"timestamp": "2026-08-20T11:12:09.524Z", "level": "ERROR", "event": "dependency_error", "request_id": "lab-000292", "instance_id": "app-02", "dependency": "redis", "error_type": "TimeoutError"}
{"timestamp": "2026-08-20T11:12:09.525Z", "level": "WARN", "event": "http_request", "request_id": "lab-000292", "instance_id": "app-02", "method": "GET", "path": "/ready", "status": 503, "duration_ms": 2025.0}
{"timestamp": "2026-08-20T11:12:12.024Z", "level": "ERROR", "event": "dependency_error", "request_id": "lab-000293", "instance_id": "app-01", "dependency": "redis", "error_type": "TimeoutError"}
{"timestamp": "2026-08-20T11:12:12.025Z", "level": "WARN", "event": "http_request", "request_id": "lab-000293", "instance_id": "app-01", "method": "GET", "path": "/ready", "status": 503, "duration_ms": 2025.0}
{"timestamp": "2026-08-20T11:12:12.536Z", "level": "INFO", "event": "http_request", "request_id": "lab-000294", "instance_id": "app-02", "method": "GET", "path": "/records", "status": 200, "duration_ms": 36.0}
{"timestamp": "2026-08-20T11:12:15.053Z", "level": "INFO", "event": "http_request", "request_id": "lab-000295", "instance_id": "app-01", "method": "GET", "path": "/records", "status": 200, "duration_ms": 53.0}
{"timestamp": "2026-08-20T11:12:19.524Z", "level": "ERROR", "event": "dependency_error", "request_id": "lab-000296", "instance_id": "app-02", "dependency": "redis", "error_type": "TimeoutError"}
{"timestamp": "2026-08-20T11:12:19.525Z", "level": "WARN", "event": "http_request", "request_id": "lab-000296", "instance_id": "app-02", "method": "GET", "path": "/counter", "status": 503, "duration_ms": 2025.0}
{"timestamp": "2026-08-20T11:12:22.024Z", "level": "ERROR", "event": "dependency_error", "request_id": "lab-000297", "instance_id": "app-01", "dependency": "redis", "error_type": "TimeoutError"}
{"timestamp": "2026-08-20T11:12:22.025Z", "level": "WARN", "event": "http_request", "request_id": "lab-000297", "instance_id": "app-01", "method": "GET", "path": "/counter", "status": 503, "duration_ms": 2025.0}
{"timestamp": "2026-08-20T11:12:22.524Z", "level": "INFO", "event": "http_request", "request_id": "lab-000298", "instance_id": "app-02", "method": "GET", "path": "/instance", "status": 200, "duration_ms": 24.0}
{"timestamp": "2026-08-20T11:12:25.041Z", "level": "INFO", "event": "http_request", "request_id": "lab-000299", "instance_id": "app-01", "method": "GET", "path": "/instance", "status": 200, "duration_ms": 41.0}
{"timestamp": "2026-08-20T11:12:27.558Z", "level": "INFO", "event": "http_request", "request_id": "lab-000300", "instance_id": "app-02", "method": "GET", "path": "/", "status": 200, "duration_ms": 58.0}
{"timestamp": "2026-08-20T11:12:30.075Z", "level": "INFO", "event": "http_request", "request_id": "lab-000301", "instance_id": "app-01", "method": "GET", "path": "/", "status": 200, "duration_ms": 75.0}
{"timestamp": "2026-08-20T11:12:32.592Z", "level": "INFO", "event": "http_request", "request_id": "lab-000302", "instance_id": "app-02", "method": "GET", "path": "/health", "status": 200, "duration_ms": 92.0}
{"timestamp": "2026-08-20T11:12:35.029Z", "level": "INFO", "event": "http_request", "request_id": "lab-000303", "instance_id": "app-01", "method": "GET", "path": "/health", "status": 200, "duration_ms": 29.0}
{"timestamp": "2026-08-20T11:12:39.524Z", "level": "ERROR", "event": "dependency_error", "request_id": "lab-000304", "instance_id": "app-02", "dependency": "redis", "error_type": "TimeoutError"}
{"timestamp": "2026-08-20T11:12:39.525Z", "level": "WARN", "event": "http_request", "request_id": "lab-000304", "instance_id": "app-02", "method": "GET", "path": "/ready", "status": 503, "duration_ms": 2025.0}
{"timestamp": "2026-08-20T11:12:42.024Z", "level": "ERROR", "event": "dependency_error", "request_id": "lab-000305", "instance_id": "app-01", "dependency": "redis", "error_type": "TimeoutError"}
{"timestamp": "2026-08-20T11:12:42.025Z", "level": "WARN", "event": "http_request", "request_id": "lab-000305", "instance_id": "app-01", "method": "GET", "path": "/ready", "status": 503, "duration_ms": 2025.0}
{"timestamp": "2026-08-20T11:12:42.580Z", "level": "INFO", "event": "http_request", "request_id": "lab-000306", "instance_id": "app-02", "method": "GET", "path": "/records", "status": 200, "duration_ms": 80.0}
{"timestamp": "2026-08-20T11:12:45.017Z", "level": "INFO", "event": "http_request", "request_id": "lab-000307", "instance_id": "app-01", "method": "GET", "path": "/records", "status": 200, "duration_ms": 17.0}
{"timestamp": "2026-08-20T11:12:49.524Z", "level": "ERROR", "event": "dependency_error", "request_id": "lab-000308", "instance_id": "app-02", "dependency": "redis", "error_type": "TimeoutError"}
{"timestamp": "2026-08-20T11:12:49.525Z", "level": "WARN", "event": "http_request", "request_id": "lab-000308", "instance_id": "app-02", "method": "GET", "path": "/counter", "status": 503, "duration_ms": 2025.0}
{"timestamp": "2026-08-20T11:12:52.024Z", "level": "ERROR", "event": "dependency_error", "request_id": "lab-000309", "instance_id": "app-01", "dependency": "redis", "error_type": "TimeoutError"}
{"timestamp": "2026-08-20T11:12:52.025Z", "level": "WARN", "event": "http_request", "request_id": "lab-000309", "instance_id": "app-01", "method": "GET", "path": "/counter", "status": 503, "duration_ms": 2025.0}
{"timestamp": "2026-08-20T11:12:52.568Z", "level": "INFO", "event": "http_request", "request_id": "lab-000310", "instance_id": "app-02", "method": "GET", "path": "/instance", "status": 200, "duration_ms": 68.0}
{"timestamp": "2026-08-20T11:12:55.085Z", "level": "INFO", "event": "http_request", "request_id": "lab-000311", "instance_id": "app-01", "method": "GET", "path": "/instance", "status": 200, "duration_ms": 85.0}
{"timestamp": "2026-08-20T11:12:57.522Z", "level": "INFO", "event": "http_request", "request_id": "lab-000312", "instance_id": "app-02", "method": "GET", "path": "/", "status": 200, "duration_ms": 22.0}
{"timestamp": "2026-08-20T11:13:00.039Z", "level": "INFO", "event": "http_request", "request_id": "lab-000313", "instance_id": "app-01", "method": "GET", "path": "/", "status": 200, "duration_ms": 39.0}
{"timestamp": "2026-08-20T11:13:02.556Z", "level": "INFO", "event": "http_request", "request_id": "lab-000314", "instance_id": "app-02", "method": "GET", "path": "/health", "status": 200, "duration_ms": 56.0}
{"timestamp": "2026-08-20T11:13:05.073Z", "level": "INFO", "event": "http_request", "request_id": "lab-000315", "instance_id": "app-01", "method": "GET", "path": "/health", "status": 200, "duration_ms": 73.0}
{"timestamp": "2026-08-20T11:13:09.524Z", "level": "ERROR", "event": "dependency_error", "request_id": "lab-000316", "instance_id": "app-02", "dependency": "redis", "error_type": "TimeoutError"}
{"timestamp": "2026-08-20T11:13:09.525Z", "level": "WARN", "event": "http_request", "request_id": "lab-000316", "instance_id": "app-02", "method": "GET", "path": "/ready", "status": 503, "duration_ms": 2025.0}
{"timestamp": "2026-08-20T11:13:10.027Z", "level": "WARN", "event": "http_request", "request_id": "lab-000317", "instance_id": "app-01", "method": "GET", "path": "/missing", "status": 404, "duration_ms": 27.0}
{"timestamp": "2026-08-20T11:13:12.544Z", "level": "INFO", "event": "http_request", "request_id": "lab-000318", "instance_id": "app-02", "method": "GET", "path": "/records", "status": 200, "duration_ms": 44.0}
{"timestamp": "2026-08-20T11:13:15.061Z", "level": "INFO", "event": "http_request", "request_id": "lab-000319", "instance_id": "app-01", "method": "GET", "path": "/records", "status": 200, "duration_ms": 61.0}
{"timestamp": "2026-08-20T11:13:19.524Z", "level": "ERROR", "event": "dependency_error", "request_id": "lab-000320", "instance_id": "app-02", "dependency": "redis", "error_type": "TimeoutError"}
{"timestamp": "2026-08-20T11:13:19.525Z", "level": "WARN", "event": "http_request", "request_id": "lab-000320", "instance_id": "app-02", "method": "GET", "path": "/counter", "status": 503, "duration_ms": 2025.0}
{"timestamp": "2026-08-20T11:13:22.024Z", "level": "ERROR", "event": "dependency_error", "request_id": "lab-000321", "instance_id": "app-01", "dependency": "redis", "error_type": "TimeoutError"}
{"timestamp": "2026-08-20T11:13:22.025Z", "level": "WARN", "event": "http_request", "request_id": "lab-000321", "instance_id": "app-01", "method": "GET", "path": "/counter", "status": 503, "duration_ms": 2025.0}
{"timestamp": "2026-08-20T11:13:22.532Z", "level": "INFO", "event": "http_request", "request_id": "lab-000322", "instance_id": "app-02", "method": "GET", "path": "/instance", "status": 200, "duration_ms": 32.0}
{"timestamp": "2026-08-20T11:13:25.049Z", "level": "INFO", "event": "http_request", "request_id": "lab-000323", "instance_id": "app-01", "method": "GET", "path": "/instance", "status": 200, "duration_ms": 49.0}
{"timestamp": "2026-08-20T11:13:27.566Z", "level": "INFO", "event": "http_request", "request_id": "lab-000324", "instance_id": "app-02", "method": "GET", "path": "/", "status": 200, "duration_ms": 66.0}
{"timestamp": "2026-08-20T11:13:30.083Z", "level": "INFO", "event": "http_request", "request_id": "lab-000325", "instance_id": "app-01", "method": "GET", "path": "/", "status": 200, "duration_ms": 83.0}
{"timestamp": "2026-08-20T11:13:32.520Z", "level": "INFO", "event": "http_request", "request_id": "lab-000326", "instance_id": "app-02", "method": "GET", "path": "/health", "status": 200, "duration_ms": 20.0}
{"timestamp": "2026-08-20T11:13:35.037Z", "level": "INFO", "event": "http_request", "request_id": "lab-000327", "instance_id": "app-01", "method": "GET", "path": "/health", "status": 200, "duration_ms": 37.0}
{"timestamp": "2026-08-20T11:13:39.524Z", "level": "ERROR", "event": "dependency_error", "request_id": "lab-000328", "instance_id": "app-02", "dependency": "redis", "error_type": "TimeoutError"}
{"timestamp": "2026-08-20T11:13:39.525Z", "level": "WARN", "event": "http_request", "request_id": "lab-000328", "instance_id": "app-02", "method": "GET", "path": "/ready", "status": 503, "duration_ms": 2025.0}
{"timestamp": "2026-08-20T11:13:42.024Z", "level": "ERROR", "event": "dependency_error", "request_id": "lab-000329", "instance_id": "app-01", "dependency": "redis", "error_type": "TimeoutError"}
{"timestamp": "2026-08-20T11:13:42.025Z", "level": "WARN", "event": "http_request", "request_id": "lab-000329", "instance_id": "app-01", "method": "GET", "path": "/ready", "status": 503, "duration_ms": 2025.0}
{"timestamp": "2026-08-20T11:13:42.588Z", "level": "INFO", "event": "http_request", "request_id": "lab-000330", "instance_id": "app-02", "method": "GET", "path": "/records", "status": 200, "duration_ms": 88.0}
{"timestamp": "2026-08-20T11:13:45.025Z", "level": "INFO", "event": "http_request", "request_id": "lab-000331", "instance_id": "app-01", "method": "GET", "path": "/records", "status": 200, "duration_ms": 25.0}
{"timestamp": "2026-08-20T11:13:49.524Z", "level": "ERROR", "event": "dependency_error", "request_id": "lab-000332", "instance_id": "app-02", "dependency": "redis", "error_type": "TimeoutError"}
{"timestamp": "2026-08-20T11:13:49.525Z", "level": "WARN", "event": "http_request", "request_id": "lab-000332", "instance_id": "app-02", "method": "GET", "path": "/counter", "status": 503, "duration_ms": 2025.0}
{"timestamp": "2026-08-20T11:13:52.024Z", "level": "ERROR", "event": "dependency_error", "request_id": "lab-000333", "instance_id": "app-01", "dependency": "redis", "error_type": "TimeoutError"}
{"timestamp": "2026-08-20T11:13:52.025Z", "level": "WARN", "event": "http_request", "request_id": "lab-000333", "instance_id": "app-01", "method": "GET", "path": "/counter", "status": 503, "duration_ms": 2025.0}
{"timestamp": "2026-08-20T11:13:52.576Z", "level": "INFO", "event": "http_request", "request_id": "lab-000334", "instance_id": "app-02", "method": "GET", "path": "/instance", "status": 200, "duration_ms": 76.0}
{"timestamp": "2026-08-20T11:13:55.093Z", "level": "INFO", "event": "http_request", "request_id": "lab-000335", "instance_id": "app-01", "method": "GET", "path": "/instance", "status": 200, "duration_ms": 93.0}
{"timestamp": "2026-08-20T11:13:57.530Z", "level": "INFO", "event": "http_request", "request_id": "lab-000336", "instance_id": "app-02", "method": "GET", "path": "/", "status": 200, "duration_ms": 30.0}
{"timestamp": "2026-08-20T11:14:00.047Z", "level": "INFO", "event": "http_request", "request_id": "lab-000337", "instance_id": "app-01", "method": "GET", "path": "/", "status": 200, "duration_ms": 47.0}
{"timestamp": "2026-08-20T11:14:02.564Z", "level": "INFO", "event": "http_request", "request_id": "lab-000338", "instance_id": "app-02", "method": "GET", "path": "/health", "status": 200, "duration_ms": 64.0}
{"timestamp": "2026-08-20T11:14:05.081Z", "level": "INFO", "event": "http_request", "request_id": "lab-000339", "instance_id": "app-01", "method": "GET", "path": "/health", "status": 200, "duration_ms": 81.0}
{"timestamp": "2026-08-20T11:14:09.524Z", "level": "ERROR", "event": "dependency_error", "request_id": "lab-000340", "instance_id": "app-02", "dependency": "redis", "error_type": "TimeoutError"}
{"timestamp": "2026-08-20T11:14:09.525Z", "level": "WARN", "event": "http_request", "request_id": "lab-000340", "instance_id": "app-02", "method": "GET", "path": "/ready", "status": 503, "duration_ms": 2025.0}
{"timestamp": "2026-08-20T11:14:12.024Z", "level": "ERROR", "event": "dependency_error", "request_id": "lab-000341", "instance_id": "app-01", "dependency": "redis", "error_type": "TimeoutError"}
{"timestamp": "2026-08-20T11:14:12.025Z", "level": "WARN", "event": "http_request", "request_id": "lab-000341", "instance_id": "app-01", "method": "GET", "path": "/ready", "status": 503, "duration_ms": 2025.0}
{"timestamp": "2026-08-20T11:14:12.552Z", "level": "INFO", "event": "http_request", "request_id": "lab-000342", "instance_id": "app-02", "method": "GET", "path": "/records", "status": 200, "duration_ms": 52.0}
{"timestamp": "2026-08-20T11:14:15.069Z", "level": "INFO", "event": "http_request", "request_id": "lab-000343", "instance_id": "app-01", "method": "GET", "path": "/records", "status": 200, "duration_ms": 69.0}
{"timestamp": "2026-08-20T11:14:19.524Z", "level": "ERROR", "event": "dependency_error", "request_id": "lab-000344", "instance_id": "app-02", "dependency": "redis", "error_type": "TimeoutError"}
{"timestamp": "2026-08-20T11:14:19.525Z", "level": "WARN", "event": "http_request", "request_id": "lab-000344", "instance_id": "app-02", "method": "GET", "path": "/counter", "status": 503, "duration_ms": 2025.0}
{"timestamp": "2026-08-20T11:14:22.024Z", "level": "ERROR", "event": "dependency_error", "request_id": "lab-000345", "instance_id": "app-01", "dependency": "redis", "error_type": "TimeoutError"}
{"timestamp": "2026-08-20T11:14:22.025Z", "level": "WARN", "event": "http_request", "request_id": "lab-000345", "instance_id": "app-01", "method": "GET", "path": "/counter", "status": 503, "duration_ms": 2025.0}
{"timestamp": "2026-08-20T11:14:22.540Z", "level": "INFO", "event": "http_request", "request_id": "lab-000346", "instance_id": "app-02", "method": "GET", "path": "/instance", "status": 200, "duration_ms": 40.0}
{"timestamp": "2026-08-20T11:14:25.057Z", "level": "INFO", "event": "http_request", "request_id": "lab-000347", "instance_id": "app-01", "method": "GET", "path": "/instance", "status": 200, "duration_ms": 57.0}
{"timestamp": "2026-08-20T11:14:27.574Z", "level": "INFO", "event": "http_request", "request_id": "lab-000348", "instance_id": "app-02", "method": "GET", "path": "/", "status": 200, "duration_ms": 74.0}
{"timestamp": "2026-08-20T11:14:30.091Z", "level": "INFO", "event": "http_request", "request_id": "lab-000349", "instance_id": "app-01", "method": "GET", "path": "/", "status": 200, "duration_ms": 91.0}
{"timestamp": "2026-08-20T11:14:32.528Z", "level": "INFO", "event": "http_request", "request_id": "lab-000350", "instance_id": "app-02", "method": "GET", "path": "/health", "status": 200, "duration_ms": 28.0}
{"timestamp": "2026-08-20T11:14:35.045Z", "level": "INFO", "event": "http_request", "request_id": "lab-000351", "instance_id": "app-01", "method": "GET", "path": "/health", "status": 200, "duration_ms": 45.0}
{"timestamp": "2026-08-20T11:14:39.524Z", "level": "ERROR", "event": "dependency_error", "request_id": "lab-000352", "instance_id": "app-02", "dependency": "redis", "error_type": "TimeoutError"}
{"timestamp": "2026-08-20T11:14:39.525Z", "level": "WARN", "event": "http_request", "request_id": "lab-000352", "instance_id": "app-02", "method": "GET", "path": "/ready", "status": 503, "duration_ms": 2025.0}
{"timestamp": "2026-08-20T11:14:42.024Z", "level": "ERROR", "event": "dependency_error", "request_id": "lab-000353", "instance_id": "app-01", "dependency": "redis", "error_type": "TimeoutError"}
{"timestamp": "2026-08-20T11:14:42.025Z", "level": "WARN", "event": "http_request", "request_id": "lab-000353", "instance_id": "app-01", "method": "GET", "path": "/ready", "status": 503, "duration_ms": 2025.0}
{"timestamp": "2026-08-20T11:14:42.516Z", "level": "INFO", "event": "http_request", "request_id": "lab-000354", "instance_id": "app-02", "method": "GET", "path": "/records", "status": 200, "duration_ms": 16.0}
{"timestamp": "2026-08-20T11:14:45.033Z", "level": "INFO", "event": "http_request", "request_id": "lab-000355", "instance_id": "app-01", "method": "GET", "path": "/records", "status": 200, "duration_ms": 33.0}
{"timestamp": "2026-08-20T11:14:49.524Z", "level": "ERROR", "event": "dependency_error", "request_id": "lab-000356", "instance_id": "app-02", "dependency": "redis", "error_type": "TimeoutError"}
{"timestamp": "2026-08-20T11:14:49.525Z", "level": "WARN", "event": "http_request", "request_id": "lab-000356", "instance_id": "app-02", "method": "GET", "path": "/counter", "status": 503, "duration_ms": 2025.0}
{"timestamp": "2026-08-20T11:14:52.024Z", "level": "ERROR", "event": "dependency_error", "request_id": "lab-000357", "instance_id": "app-01", "dependency": "redis", "error_type": "TimeoutError"}
{"timestamp": "2026-08-20T11:14:52.025Z", "level": "WARN", "event": "http_request", "request_id": "lab-000357", "instance_id": "app-01", "method": "GET", "path": "/counter", "status": 503, "duration_ms": 2025.0}
{"timestamp": "2026-08-20T11:14:52.584Z", "level": "INFO", "event": "http_request", "request_id": "lab-000358", "instance_id": "app-02", "method": "GET", "path": "/instance", "status": 200, "duration_ms": 84.0}
{"timestamp": "2026-08-20T11:14:55.021Z", "level": "INFO", "event": "http_request", "request_id": "lab-000359", "instance_id": "app-01", "method": "GET", "path": "/instance", "status": 200, "duration_ms": 21.0}
{"timestamp": "2026-08-20T11:14:57.538Z", "level": "INFO", "event": "http_request", "request_id": "lab-000360", "instance_id": "app-02", "method": "GET", "path": "/", "status": 200, "duration_ms": 38.0}
{"timestamp": "2026-08-20T11:15:00.055Z", "level": "INFO", "event": "http_request", "request_id": "lab-000361", "instance_id": "app-01", "method": "GET", "path": "/", "status": 200, "duration_ms": 55.0}
{"timestamp": "2026-08-20T11:15:02.572Z", "level": "INFO", "event": "http_request", "request_id": "lab-000362", "instance_id": "app-02", "method": "GET", "path": "/health", "status": 200, "duration_ms": 72.0}
{"timestamp": "2026-08-20T11:15:05.089Z", "level": "INFO", "event": "http_request", "request_id": "lab-000363", "instance_id": "app-01", "method": "GET", "path": "/health", "status": 200, "duration_ms": 89.0}
{"timestamp": "2026-08-20T11:15:09.524Z", "level": "ERROR", "event": "dependency_error", "request_id": "lab-000364", "instance_id": "app-02", "dependency": "redis", "error_type": "TimeoutError"}
{"timestamp": "2026-08-20T11:15:09.525Z", "level": "WARN", "event": "http_request", "request_id": "lab-000364", "instance_id": "app-02", "method": "GET", "path": "/ready", "status": 503, "duration_ms": 2025.0}
{"timestamp": "2026-08-20T11:15:12.024Z", "level": "ERROR", "event": "dependency_error", "request_id": "lab-000365", "instance_id": "app-01", "dependency": "redis", "error_type": "TimeoutError"}
{"timestamp": "2026-08-20T11:15:12.025Z", "level": "WARN", "event": "http_request", "request_id": "lab-000365", "instance_id": "app-01", "method": "GET", "path": "/ready", "status": 503, "duration_ms": 2025.0}
{"timestamp": "2026-08-20T11:15:12.560Z", "level": "INFO", "event": "http_request", "request_id": "lab-000366", "instance_id": "app-02", "method": "GET", "path": "/records", "status": 200, "duration_ms": 60.0}
{"timestamp": "2026-08-20T11:15:15.077Z", "level": "INFO", "event": "http_request", "request_id": "lab-000367", "instance_id": "app-01", "method": "GET", "path": "/records", "status": 200, "duration_ms": 77.0}
{"timestamp": "2026-08-20T11:15:19.524Z", "level": "ERROR", "event": "dependency_error", "request_id": "lab-000368", "instance_id": "app-02", "dependency": "redis", "error_type": "TimeoutError"}
{"timestamp": "2026-08-20T11:15:19.525Z", "level": "WARN", "event": "http_request", "request_id": "lab-000368", "instance_id": "app-02", "method": "GET", "path": "/counter", "status": 503, "duration_ms": 2025.0}
{"timestamp": "2026-08-20T11:15:22.024Z", "level": "ERROR", "event": "dependency_error", "request_id": "lab-000369", "instance_id": "app-01", "dependency": "redis", "error_type": "TimeoutError"}
{"timestamp": "2026-08-20T11:15:22.025Z", "level": "WARN", "event": "http_request", "request_id": "lab-000369", "instance_id": "app-01", "method": "GET", "path": "/counter", "status": 503, "duration_ms": 2025.0}
{"timestamp": "2026-08-20T11:15:22.548Z", "level": "INFO", "event": "http_request", "request_id": "lab-000370", "instance_id": "app-02", "method": "GET", "path": "/instance", "status": 200, "duration_ms": 48.0}
{"timestamp": "2026-08-20T11:15:25.065Z", "level": "INFO", "event": "http_request", "request_id": "lab-000371", "instance_id": "app-01", "method": "GET", "path": "/instance", "status": 200, "duration_ms": 65.0}
{"timestamp": "2026-08-20T11:15:27.582Z", "level": "INFO", "event": "http_request", "request_id": "lab-000372", "instance_id": "app-02", "method": "GET", "path": "/", "status": 200, "duration_ms": 82.0}
{"timestamp": "2026-08-20T11:15:30.019Z", "level": "INFO", "event": "http_request", "request_id": "lab-000373", "instance_id": "app-01", "method": "GET", "path": "/", "status": 200, "duration_ms": 19.0}
{"timestamp": "2026-08-20T11:15:32.536Z", "level": "INFO", "event": "http_request", "request_id": "lab-000374", "instance_id": "app-02", "method": "GET", "path": "/health", "status": 200, "duration_ms": 36.0}
{"timestamp": "2026-08-20T11:15:35.053Z", "level": "INFO", "event": "http_request", "request_id": "lab-000375", "instance_id": "app-01", "method": "GET", "path": "/health", "status": 200, "duration_ms": 53.0}
{"timestamp": "2026-08-20T11:15:39.524Z", "level": "ERROR", "event": "dependency_error", "request_id": "lab-000376", "instance_id": "app-02", "dependency": "redis", "error_type": "TimeoutError"}
{"timestamp": "2026-08-20T11:15:39.525Z", "level": "WARN", "event": "http_request", "request_id": "lab-000376", "instance_id": "app-02", "method": "GET", "path": "/ready", "status": 503, "duration_ms": 2025.0}
{"timestamp": "2026-08-20T11:15:42.024Z", "level": "ERROR", "event": "dependency_error", "request_id": "lab-000377", "instance_id": "app-01", "dependency": "redis", "error_type": "TimeoutError"}
{"timestamp": "2026-08-20T11:15:42.025Z", "level": "WARN", "event": "http_request", "request_id": "lab-000377", "instance_id": "app-01", "method": "GET", "path": "/ready", "status": 503, "duration_ms": 2025.0}
{"timestamp": "2026-08-20T11:15:42.524Z", "level": "INFO", "event": "http_request", "request_id": "lab-000378", "instance_id": "app-02", "method": "GET", "path": "/records", "status": 200, "duration_ms": 24.0}
{"timestamp": "2026-08-20T11:15:45.041Z", "level": "INFO", "event": "http_request", "request_id": "lab-000379", "instance_id": "app-01", "method": "GET", "path": "/records", "status": 200, "duration_ms": 41.0}
{"timestamp": "2026-08-20T11:15:49.524Z", "level": "ERROR", "event": "dependency_error", "request_id": "lab-000380", "instance_id": "app-02", "dependency": "redis", "error_type": "TimeoutError"}
{"timestamp": "2026-08-20T11:15:49.525Z", "level": "WARN", "event": "http_request", "request_id": "lab-000380", "instance_id": "app-02", "method": "GET", "path": "/counter", "status": 503, "duration_ms": 2025.0}
{"timestamp": "2026-08-20T11:15:52.024Z", "level": "ERROR", "event": "dependency_error", "request_id": "lab-000381", "instance_id": "app-01", "dependency": "redis", "error_type": "TimeoutError"}
{"timestamp": "2026-08-20T11:15:52.025Z", "level": "WARN", "event": "http_request", "request_id": "lab-000381", "instance_id": "app-01", "method": "GET", "path": "/counter", "status": 503, "duration_ms": 2025.0}
{"timestamp": "2026-08-20T11:15:52.592Z", "level": "INFO", "event": "http_request", "request_id": "lab-000382", "instance_id": "app-02", "method": "GET", "path": "/instance", "status": 200, "duration_ms": 92.0}
{"timestamp": "2026-08-20T11:15:55.029Z", "level": "INFO", "event": "http_request", "request_id": "lab-000383", "instance_id": "app-01", "method": "GET", "path": "/instance", "status": 200, "duration_ms": 29.0}
{"timestamp": "2026-08-20T11:15:57.546Z", "level": "INFO", "event": "http_request", "request_id": "lab-000384", "instance_id": "app-02", "method": "GET", "path": "/", "status": 200, "duration_ms": 46.0}
{"timestamp": "2026-08-20T11:16:00.063Z", "level": "INFO", "event": "http_request", "request_id": "lab-000385", "instance_id": "app-01", "method": "GET", "path": "/", "status": 200, "duration_ms": 63.0}
{"timestamp": "2026-08-20T11:16:02.580Z", "level": "INFO", "event": "http_request", "request_id": "lab-000386", "instance_id": "app-02", "method": "GET", "path": "/health", "status": 200, "duration_ms": 80.0}
{"timestamp": "2026-08-20T11:16:05.017Z", "level": "INFO", "event": "http_request", "request_id": "lab-000387", "instance_id": "app-01", "method": "GET", "path": "/health", "status": 200, "duration_ms": 17.0}
{"timestamp": "2026-08-20T11:16:07.534Z", "level": "INFO", "event": "http_request", "request_id": "lab-000388", "instance_id": "app-02", "method": "GET", "path": "/ready", "status": 200, "duration_ms": 34.0}
{"timestamp": "2026-08-20T11:16:10.051Z", "level": "INFO", "event": "http_request", "request_id": "lab-000389", "instance_id": "app-01", "method": "GET", "path": "/ready", "status": 200, "duration_ms": 51.0}
{"timestamp": "2026-08-20T11:16:12.568Z", "level": "INFO", "event": "http_request", "request_id": "lab-000390", "instance_id": "app-02", "method": "GET", "path": "/records", "status": 200, "duration_ms": 68.0}
{"timestamp": "2026-08-20T11:16:15.085Z", "level": "INFO", "event": "http_request", "request_id": "lab-000391", "instance_id": "app-01", "method": "GET", "path": "/records", "status": 200, "duration_ms": 85.0}
{"timestamp": "2026-08-20T11:16:17.522Z", "level": "INFO", "event": "http_request", "request_id": "lab-000392", "instance_id": "app-02", "method": "GET", "path": "/counter", "status": 200, "duration_ms": 22.0}
{"timestamp": "2026-08-20T11:16:20.039Z", "level": "INFO", "event": "http_request", "request_id": "lab-000393", "instance_id": "app-01", "method": "GET", "path": "/counter", "status": 200, "duration_ms": 39.0}
{"timestamp": "2026-08-20T11:16:22.556Z", "level": "INFO", "event": "http_request", "request_id": "lab-000394", "instance_id": "app-02", "method": "GET", "path": "/instance", "status": 200, "duration_ms": 56.0}
{"timestamp": "2026-08-20T11:16:25.073Z", "level": "INFO", "event": "http_request", "request_id": "lab-000395", "instance_id": "app-01", "method": "GET", "path": "/instance", "status": 200, "duration_ms": 73.0}
{"timestamp": "2026-08-20T11:16:27.590Z", "level": "WARN", "event": "http_request", "request_id": "lab-000396", "instance_id": "app-02", "method": "GET", "path": "/missing", "status": 404, "duration_ms": 90.0}
{"timestamp": "2026-08-20T11:16:30.027Z", "level": "INFO", "event": "http_request", "request_id": "lab-000397", "instance_id": "app-01", "method": "GET", "path": "/", "status": 200, "duration_ms": 27.0}
{"timestamp": "2026-08-20T11:16:32.544Z", "level": "INFO", "event": "http_request", "request_id": "lab-000398", "instance_id": "app-02", "method": "GET", "path": "/health", "status": 200, "duration_ms": 44.0}
{"timestamp": "2026-08-20T11:16:35.061Z", "level": "INFO", "event": "http_request", "request_id": "lab-000399", "instance_id": "app-01", "method": "GET", "path": "/health", "status": 200, "duration_ms": 61.0}
{"timestamp": "2026-08-20T11:16:37.578Z", "level": "INFO", "event": "http_request", "request_id": "lab-000400", "instance_id": "app-02", "method": "GET", "path": "/ready", "status": 200, "duration_ms": 78.0}
{"timestamp": "2026-08-20T11:16:40.015Z", "level": "INFO", "event": "http_request", "request_id": "lab-000401", "instance_id": "app-01", "method": "GET", "path": "/ready", "status": 200, "duration_ms": 15.0}
{"timestamp": "2026-08-20T11:16:42.532Z", "level": "INFO", "event": "http_request", "request_id": "lab-000402", "instance_id": "app-02", "method": "GET", "path": "/records", "status": 200, "duration_ms": 32.0}
{"timestamp": "2026-08-20T11:16:45.049Z", "level": "INFO", "event": "http_request", "request_id": "lab-000403", "instance_id": "app-01", "method": "GET", "path": "/records", "status": 200, "duration_ms": 49.0}
{"timestamp": "2026-08-20T11:16:47.566Z", "level": "INFO", "event": "http_request", "request_id": "lab-000404", "instance_id": "app-02", "method": "GET", "path": "/counter", "status": 200, "duration_ms": 66.0}
{"timestamp": "2026-08-20T11:16:50.083Z", "level": "INFO", "event": "http_request", "request_id": "lab-000405", "instance_id": "app-01", "method": "GET", "path": "/counter", "status": 200, "duration_ms": 83.0}
{"timestamp": "2026-08-20T11:16:52.520Z", "level": "INFO", "event": "http_request", "request_id": "lab-000406", "instance_id": "app-02", "method": "GET", "path": "/instance", "status": 200, "duration_ms": 20.0}
{"timestamp": "2026-08-20T11:16:55.037Z", "level": "INFO", "event": "http_request", "request_id": "lab-000407", "instance_id": "app-01", "method": "GET", "path": "/instance", "status": 200, "duration_ms": 37.0}
{"timestamp": "2026-08-20T11:16:57.554Z", "level": "INFO", "event": "http_request", "request_id": "lab-000408", "instance_id": "app-02", "method": "GET", "path": "/", "status": 200, "duration_ms": 54.0}
{"timestamp":"2026-08-20T11:17:00Z","event":
{"timestamp": "2026-08-20T11:17:00.071Z", "level": "INFO", "event": "http_request", "request_id": "lab-000409", "instance_id": "app-01", "method": "GET", "path": "/", "status": 200, "duration_ms": 71.0}
{"timestamp": "2026-08-20T11:17:02.588Z", "level": "INFO", "event": "http_request", "request_id": "lab-000410", "instance_id": "app-02", "method": "GET", "path": "/health", "status": 200, "duration_ms": 88.0}
{"timestamp": "2026-08-20T11:17:05.025Z", "level": "INFO", "event": "http_request", "request_id": "lab-000411", "instance_id": "app-01", "method": "GET", "path": "/health", "status": 200, "duration_ms": 25.0}
{"timestamp": "2026-08-20T11:17:07.542Z", "level": "INFO", "event": "http_request", "request_id": "lab-000412", "instance_id": "app-02", "method": "GET", "path": "/ready", "status": 200, "duration_ms": 42.0}
{"timestamp": "2026-08-20T11:17:10.059Z", "level": "INFO", "event": "http_request", "request_id": "lab-000413", "instance_id": "app-01", "method": "GET", "path": "/ready", "status": 200, "duration_ms": 59.0}
{"timestamp": "2026-08-20T11:17:12.576Z", "level": "INFO", "event": "http_request", "request_id": "lab-000414", "instance_id": "app-02", "method": "GET", "path": "/records", "status": 200, "duration_ms": 76.0}
{"timestamp": "2026-08-20T11:17:15.093Z", "level": "INFO", "event": "http_request", "request_id": "lab-000415", "instance_id": "app-01", "method": "GET", "path": "/records", "status": 200, "duration_ms": 93.0}
{"timestamp": "2026-08-20T11:17:17.530Z", "level": "INFO", "event": "http_request", "request_id": "lab-000416", "instance_id": "app-02", "method": "GET", "path": "/counter", "status": 200, "duration_ms": 30.0}
{"timestamp": "2026-08-20T11:17:20.047Z", "level": "INFO", "event": "http_request", "request_id": "lab-000417", "instance_id": "app-01", "method": "GET", "path": "/counter", "status": 200, "duration_ms": 47.0}
{"timestamp": "2026-08-20T11:17:22.564Z", "level": "INFO", "event": "http_request", "request_id": "lab-000418", "instance_id": "app-02", "method": "GET", "path": "/instance", "status": 200, "duration_ms": 64.0}
{"timestamp": "2026-08-20T11:17:25.081Z", "level": "INFO", "event": "http_request", "request_id": "lab-000419", "instance_id": "app-01", "method": "GET", "path": "/instance", "status": 200, "duration_ms": 81.0}
{"timestamp": "2026-08-20T11:17:27.518Z", "level": "INFO", "event": "http_request", "request_id": "lab-000420", "instance_id": "app-02", "method": "GET", "path": "/", "status": 200, "duration_ms": 18.0}
{"timestamp": "2026-08-20T11:17:30.035Z", "level": "INFO", "event": "http_request", "request_id": "lab-000421", "instance_id": "app-01", "method": "GET", "path": "/", "status": 200, "duration_ms": 35.0}
{"timestamp": "2026-08-20T11:17:30.035Z", "level": "INFO", "event": "http_request", "request_id": "lab-000421", "instance_id": "app-01", "method": "GET", "path": "/", "status": 200, "duration_ms": 35.0}
{"timestamp": "2026-08-20T11:17:32.552Z", "level": "INFO", "event": "http_request", "request_id": "lab-000422", "instance_id": "app-02", "method": "GET", "path": "/health", "status": 200, "duration_ms": 52.0}
{"timestamp": "2026-08-20T11:17:35.069Z", "level": "INFO", "event": "http_request", "request_id": "lab-000423", "instance_id": "app-01", "method": "GET", "path": "/health", "status": 200, "duration_ms": 69.0}
{"timestamp": "2026-08-20T11:17:37.586Z", "level": "INFO", "event": "http_request", "request_id": "lab-000424", "instance_id": "app-02", "method": "GET", "path": "/ready", "status": 200, "duration_ms": 86.0}
{"timestamp": "2026-08-20T11:17:40.023Z", "level": "INFO", "event": "http_request", "request_id": "lab-000425", "instance_id": "app-01", "method": "GET", "path": "/ready", "status": 200, "duration_ms": 23.0}
{"timestamp": "2026-08-20T11:17:42.540Z", "level": "INFO", "event": "http_request", "request_id": "lab-000426", "instance_id": "app-02", "method": "GET", "path": "/records", "status": 200, "duration_ms": 40.0}
{"timestamp": "2026-08-20T11:17:45.057Z", "level": "INFO", "event": "http_request", "request_id": "lab-000427", "instance_id": "app-01", "method": "GET", "path": "/records", "status": 200, "duration_ms": 57.0}
{"timestamp": "2026-08-20T11:17:47.574Z", "level": "INFO", "event": "http_request", "request_id": "lab-000428", "instance_id": "app-02", "method": "GET", "path": "/counter", "status": 200, "duration_ms": 74.0}
{"timestamp": "2026-08-20T11:17:50.091Z", "level": "INFO", "event": "http_request", "request_id": "lab-000429", "instance_id": "app-01", "method": "GET", "path": "/counter", "status": 200, "duration_ms": 91.0}
{"timestamp": "2026-08-20T11:17:52.528Z", "level": "INFO", "event": "http_request", "request_id": "lab-000430", "instance_id": "app-02", "method": "GET", "path": "/instance", "status": 200, "duration_ms": 28.0}
{"timestamp": "2026-08-20T11:17:55.045Z", "level": "INFO", "event": "http_request", "request_id": "lab-000431", "instance_id": "app-01", "method": "GET", "path": "/instance", "status": 200, "duration_ms": 45.0}
{"timestamp": "2026-08-20T11:17:57.562Z", "level": "INFO", "event": "http_request", "request_id": "lab-000432", "instance_id": "app-02", "method": "GET", "path": "/", "status": 200, "duration_ms": 62.0}
{"timestamp": "2026-08-20T11:18:00.079Z", "level": "INFO", "event": "http_request", "request_id": "lab-000433", "instance_id": "app-01", "method": "GET", "path": "/", "status": 200, "duration_ms": 79.0}
{"timestamp": "2026-08-20T11:18:02.516Z", "level": "INFO", "event": "http_request", "request_id": "lab-000434", "instance_id": "app-02", "method": "GET", "path": "/health", "status": 200, "duration_ms": 16.0}
{"timestamp": "2026-08-20T11:18:05.033Z", "level": "INFO", "event": "http_request", "request_id": "lab-000435", "instance_id": "app-01", "method": "GET", "path": "/health", "status": 200, "duration_ms": 33.0}
{"timestamp": "2026-08-20T11:18:07.550Z", "level": "INFO", "event": "http_request", "request_id": "lab-000436", "instance_id": "app-02", "method": "GET", "path": "/ready", "status": 200, "duration_ms": 50.0}
{"timestamp": "2026-08-20T11:18:10.067Z", "level": "INFO", "event": "http_request", "request_id": "lab-000437", "instance_id": "app-01", "method": "GET", "path": "/ready", "status": 200, "duration_ms": 67.0}
{"timestamp": "2026-08-20T11:18:12.584Z", "level": "INFO", "event": "http_request", "request_id": "lab-000438", "instance_id": "app-02", "method": "GET", "path": "/records", "status": 200, "duration_ms": 84.0}
{"timestamp": "2026-08-20T11:18:15.021Z", "level": "INFO", "event": "http_request", "request_id": "lab-000439", "instance_id": "app-01", "method": "GET", "path": "/records", "status": 200, "duration_ms": 21.0}
{"timestamp": "2026-08-20T11:18:17.538Z", "level": "INFO", "event": "http_request", "request_id": "lab-000440", "instance_id": "app-02", "method": "GET", "path": "/counter", "status": 200, "duration_ms": 38.0}
{"timestamp": "2026-08-20T11:18:20.055Z", "level": "INFO", "event": "http_request", "request_id": "lab-000441", "instance_id": "app-01", "method": "GET", "path": "/counter", "status": 200, "duration_ms": 55.0}
{"timestamp": "2026-08-20T11:18:22.572Z", "level": "INFO", "event": "http_request", "request_id": "lab-000442", "instance_id": "app-02", "method": "GET", "path": "/instance", "status": 200, "duration_ms": 72.0}
{"timestamp": "2026-08-20T11:18:25.089Z", "level": "INFO", "event": "http_request", "request_id": "lab-000443", "instance_id": "app-01", "method": "GET", "path": "/instance", "status": 200, "duration_ms": 89.0}
{"timestamp": "2026-08-20T11:18:27.526Z", "level": "INFO", "event": "http_request", "request_id": "lab-000444", "instance_id": "app-02", "method": "GET", "path": "/", "status": 200, "duration_ms": 26.0}
{"timestamp": "2026-08-20T11:18:30.043Z", "level": "INFO", "event": "http_request", "request_id": "lab-000445", "instance_id": "app-01", "method": "GET", "path": "/", "status": 200, "duration_ms": 43.0}
{"timestamp": "2026-08-20T11:18:32.560Z", "level": "INFO", "event": "http_request", "request_id": "lab-000446", "instance_id": "app-02", "method": "GET", "path": "/health", "status": 200, "duration_ms": 60.0}
{"timestamp": "2026-08-20T11:18:35.077Z", "level": "INFO", "event": "http_request", "request_id": "lab-000447", "instance_id": "app-01", "method": "GET", "path": "/health", "status": 200, "duration_ms": 77.0}
{"timestamp": "2026-08-20T11:18:37.594Z", "level": "INFO", "event": "http_request", "request_id": "lab-000448", "instance_id": "app-02", "method": "GET", "path": "/ready", "status": 200, "duration_ms": 94.0}
{"timestamp": "2026-08-20T11:18:40.031Z", "level": "INFO", "event": "http_request", "request_id": "lab-000449", "instance_id": "app-01", "method": "GET", "path": "/ready", "status": 200, "duration_ms": 31.0}
{"timestamp": "2026-08-20T11:18:42.548Z", "level": "INFO", "event": "http_request", "request_id": "lab-000450", "instance_id": "app-02", "method": "GET", "path": "/records", "status": 200, "duration_ms": 48.0}
{"timestamp": "2026-08-20T11:18:45.065Z", "level": "INFO", "event": "http_request", "request_id": "lab-000451", "instance_id": "app-01", "method": "GET", "path": "/records", "status": 200, "duration_ms": 65.0}
{"timestamp": "2026-08-20T11:18:47.582Z", "level": "INFO", "event": "http_request", "request_id": "lab-000452", "instance_id": "app-02", "method": "GET", "path": "/counter", "status": 200, "duration_ms": 82.0}
{"timestamp": "2026-08-20T11:18:50.019Z", "level": "INFO", "event": "http_request", "request_id": "lab-000453", "instance_id": "app-01", "method": "GET", "path": "/counter", "status": 200, "duration_ms": 19.0}
{"timestamp": "2026-08-20T11:18:52.536Z", "level": "INFO", "event": "http_request", "request_id": "lab-000454", "instance_id": "app-02", "method": "GET", "path": "/instance", "status": 200, "duration_ms": 36.0}
{"timestamp": "2026-08-20T11:18:55.053Z", "level": "INFO", "event": "http_request", "request_id": "lab-000455", "instance_id": "app-01", "method": "GET", "path": "/instance", "status": 200, "duration_ms": 53.0}
{"timestamp": "2026-08-20T11:18:57.570Z", "level": "INFO", "event": "http_request", "request_id": "lab-000456", "instance_id": "app-02", "method": "GET", "path": "/", "status": 200, "duration_ms": 70.0}
{"timestamp": "2026-08-20T11:19:00.087Z", "level": "INFO", "event": "http_request", "request_id": "lab-000457", "instance_id": "app-01", "method": "GET", "path": "/", "status": 200, "duration_ms": 87.0}
{"timestamp": "2026-08-20T11:19:02.524Z", "level": "INFO", "event": "http_request", "request_id": "lab-000458", "instance_id": "app-02", "method": "GET", "path": "/health", "status": 200, "duration_ms": 24.0}
{"timestamp": "2026-08-20T11:19:05.041Z", "level": "INFO", "event": "http_request", "request_id": "lab-000459", "instance_id": "app-01", "method": "GET", "path": "/health", "status": 200, "duration_ms": 41.0}
{"timestamp": "2026-08-20T11:19:07.558Z", "level": "INFO", "event": "http_request", "request_id": "lab-000460", "instance_id": "app-02", "method": "GET", "path": "/ready", "status": 200, "duration_ms": 58.0}
{"timestamp": "2026-08-20T11:19:10.075Z", "level": "INFO", "event": "http_request", "request_id": "lab-000461", "instance_id": "app-01", "method": "GET", "path": "/ready", "status": 200, "duration_ms": 75.0}
{"timestamp": "2026-08-20T11:19:12.592Z", "level": "INFO", "event": "http_request", "request_id": "lab-000462", "instance_id": "app-02", "method": "GET", "path": "/records", "status": 200, "duration_ms": 92.0}
{"timestamp": "2026-08-20T11:19:15.029Z", "level": "INFO", "event": "http_request", "request_id": "lab-000463", "instance_id": "app-01", "method": "GET", "path": "/records", "status": 200, "duration_ms": 29.0}
{"timestamp": "2026-08-20T11:19:17.546Z", "level": "INFO", "event": "http_request", "request_id": "lab-000464", "instance_id": "app-02", "method": "GET", "path": "/counter", "status": 200, "duration_ms": 46.0}
{"timestamp": "2026-08-20T11:19:20.063Z", "level": "INFO", "event": "http_request", "request_id": "lab-000465", "instance_id": "app-01", "method": "GET", "path": "/counter", "status": 200, "duration_ms": 63.0}
{"timestamp": "2026-08-20T11:19:22.580Z", "level": "INFO", "event": "http_request", "request_id": "lab-000466", "instance_id": "app-02", "method": "GET", "path": "/instance", "status": 200, "duration_ms": 80.0}
{"timestamp": "2026-08-20T11:19:25.017Z", "level": "INFO", "event": "http_request", "request_id": "lab-000467", "instance_id": "app-01", "method": "GET", "path": "/instance", "status": 200, "duration_ms": 17.0}
{"timestamp": "2026-08-20T11:19:27.534Z", "level": "INFO", "event": "http_request", "request_id": "lab-000468", "instance_id": "app-02", "method": "GET", "path": "/", "status": 200, "duration_ms": 34.0}
{"timestamp": "2026-08-20T11:19:30.051Z", "level": "INFO", "event": "http_request", "request_id": "lab-000469", "instance_id": "app-01", "method": "GET", "path": "/", "status": 200, "duration_ms": 51.0}
{"timestamp": "2026-08-20T11:19:32.568Z", "level": "INFO", "event": "http_request", "request_id": "lab-000470", "instance_id": "app-02", "method": "GET", "path": "/health", "status": 200, "duration_ms": 68.0}
{"timestamp": "2026-08-20T11:19:35.085Z", "level": "INFO", "event": "http_request", "request_id": "lab-000471", "instance_id": "app-01", "method": "GET", "path": "/health", "status": 200, "duration_ms": 85.0}
{"timestamp": "2026-08-20T11:19:37.522Z", "level": "INFO", "event": "http_request", "request_id": "lab-000472", "instance_id": "app-02", "method": "GET", "path": "/ready", "status": 200, "duration_ms": 22.0}
{"timestamp": "2026-08-20T11:19:40.039Z", "level": "INFO", "event": "http_request", "request_id": "lab-000473", "instance_id": "app-01", "method": "GET", "path": "/ready", "status": 200, "duration_ms": 39.0}
{"timestamp": "2026-08-20T11:19:42.556Z", "level": "INFO", "event": "http_request", "request_id": "lab-000474", "instance_id": "app-02", "method": "GET", "path": "/records", "status": 200, "duration_ms": 56.0}
{"timestamp": "2026-08-20T11:19:45.073Z", "level": "WARN", "event": "http_request", "request_id": "lab-000475", "instance_id": "app-01", "method": "GET", "path": "/missing", "status": 404, "duration_ms": 73.0}
{"timestamp": "2026-08-20T11:19:47.590Z", "level": "INFO", "event": "http_request", "request_id": "lab-000476", "instance_id": "app-02", "method": "GET", "path": "/counter", "status": 200, "duration_ms": 90.0}
{"timestamp": "2026-08-20T11:19:50.027Z", "level": "INFO", "event": "http_request", "request_id": "lab-000477", "instance_id": "app-01", "method": "GET", "path": "/counter", "status": 200, "duration_ms": 27.0}
{"timestamp": "2026-08-20T11:19:52.544Z", "level": "INFO", "event": "http_request", "request_id": "lab-000478", "instance_id": "app-02", "method": "GET", "path": "/instance", "status": 200, "duration_ms": 44.0}
{"timestamp": "2026-08-20T11:19:55.061Z", "level": "INFO", "event": "http_request", "request_id": "lab-000479", "instance_id": "app-01", "method": "GET", "path": "/instance", "status": 200, "duration_ms": 61.0}
{"timestamp": "2026-08-20T11:19:57.578Z", "level": "INFO", "event": "http_request", "request_id": "lab-000480", "instance_id": "app-02", "method": "GET", "path": "/", "status": 200, "duration_ms": 78.0}
{"timestamp": "2026-08-20T11:20:00.015Z", "level": "INFO", "event": "http_request", "request_id": "lab-000481", "instance_id": "app-01", "method": "GET", "path": "/", "status": 200, "duration_ms": 15.0}
{"timestamp": "2026-08-20T11:20:02.532Z", "level": "INFO", "event": "http_request", "request_id": "lab-000482", "instance_id": "app-02", "method": "GET", "path": "/health", "status": 200, "duration_ms": 32.0}
{"timestamp": "2026-08-20T11:20:05.049Z", "level": "INFO", "event": "http_request", "request_id": "lab-000483", "instance_id": "app-01", "method": "GET", "path": "/health", "status": 200, "duration_ms": 49.0}
{"timestamp": "2026-08-20T11:20:07.540Z", "level": "ERROR", "event": "dependency_error", "request_id": "lab-000484", "instance_id": "app-02", "dependency": "postgres", "error_type": "InvalidPassword"}
{"timestamp": "2026-08-20T11:20:07.541Z", "level": "WARN", "event": "http_request", "request_id": "lab-000484", "instance_id": "app-02", "method": "GET", "path": "/ready", "status": 503, "duration_ms": 41.0}
{"timestamp": "2026-08-20T11:20:10.040Z", "level": "ERROR", "event": "dependency_error", "request_id": "lab-000485", "instance_id": "app-01", "dependency": "postgres", "error_type": "InvalidPassword"}
{"timestamp": "2026-08-20T11:20:10.041Z", "level": "WARN", "event": "http_request", "request_id": "lab-000485", "instance_id": "app-01", "method": "GET", "path": "/ready", "status": 503, "duration_ms": 41.0}
{"timestamp": "2026-08-20T11:20:12.540Z", "level": "ERROR", "event": "dependency_error", "request_id": "lab-000486", "instance_id": "app-02", "dependency": "postgres", "error_type": "InvalidPassword"}
{"timestamp": "2026-08-20T11:20:12.541Z", "level": "WARN", "event": "http_request", "request_id": "lab-000486", "instance_id": "app-02", "method": "GET", "path": "/records", "status": 503, "duration_ms": 41.0}
{"timestamp": "2026-08-20T11:20:15.040Z", "level": "ERROR", "event": "dependency_error", "request_id": "lab-000487", "instance_id": "app-01", "dependency": "postgres", "error_type": "InvalidPassword"}
{"timestamp": "2026-08-20T11:20:15.041Z", "level": "WARN", "event": "http_request", "request_id": "lab-000487", "instance_id": "app-01", "method": "GET", "path": "/records", "status": 503, "duration_ms": 41.0}
{"timestamp": "2026-08-20T11:20:17.554Z", "level": "INFO", "event": "http_request", "request_id": "lab-000488", "instance_id": "app-02", "method": "GET", "path": "/counter", "status": 200, "duration_ms": 54.0}
{"timestamp": "2026-08-20T11:20:20.071Z", "level": "INFO", "event": "http_request", "request_id": "lab-000489", "instance_id": "app-01", "method": "GET", "path": "/counter", "status": 200, "duration_ms": 71.0}
{"timestamp": "2026-08-20T11:20:22.588Z", "level": "INFO", "event": "http_request", "request_id": "lab-000490", "instance_id": "app-02", "method": "GET", "path": "/instance", "status": 200, "duration_ms": 88.0}
{"timestamp": "2026-08-20T11:20:25.025Z", "level": "INFO", "event": "http_request", "request_id": "lab-000491", "instance_id": "app-01", "method": "GET", "path": "/instance", "status": 200, "duration_ms": 25.0}
{"timestamp": "2026-08-20T11:20:27.542Z", "level": "INFO", "event": "http_request", "request_id": "lab-000492", "instance_id": "app-02", "method": "GET", "path": "/", "status": 200, "duration_ms": 42.0}
{"timestamp": "2026-08-20T11:20:30.059Z", "level": "INFO", "event": "http_request", "request_id": "lab-000493", "instance_id": "app-01", "method": "GET", "path": "/", "status": 200, "duration_ms": 59.0}
{"timestamp": "2026-08-20T11:20:32.576Z", "level": "INFO", "event": "http_request", "request_id": "lab-000494", "instance_id": "app-02", "method": "GET", "path": "/health", "status": 200, "duration_ms": 76.0}
{"timestamp": "2026-08-20T11:20:35.093Z", "level": "INFO", "event": "http_request", "request_id": "lab-000495", "instance_id": "app-01", "method": "GET", "path": "/health", "status": 200, "duration_ms": 93.0}
{"timestamp": "2026-08-20T11:20:37.540Z", "level": "ERROR", "event": "dependency_error", "request_id": "lab-000496", "instance_id": "app-02", "dependency": "postgres", "error_type": "InvalidPassword"}
{"timestamp": "2026-08-20T11:20:37.541Z", "level": "WARN", "event": "http_request", "request_id": "lab-000496", "instance_id": "app-02", "method": "GET", "path": "/ready", "status": 503, "duration_ms": 41.0}
{"timestamp": "2026-08-20T11:20:40.040Z", "level": "ERROR", "event": "dependency_error", "request_id": "lab-000497", "instance_id": "app-01", "dependency": "postgres", "error_type": "InvalidPassword"}
{"timestamp": "2026-08-20T11:20:40.041Z", "level": "WARN", "event": "http_request", "request_id": "lab-000497", "instance_id": "app-01", "method": "GET", "path": "/ready", "status": 503, "duration_ms": 41.0}
{"timestamp": "2026-08-20T11:20:42.540Z", "level": "ERROR", "event": "dependency_error", "request_id": "lab-000498", "instance_id": "app-02", "dependency": "postgres", "error_type": "InvalidPassword"}
{"timestamp": "2026-08-20T11:20:42.541Z", "level": "WARN", "event": "http_request", "request_id": "lab-000498", "instance_id": "app-02", "method": "GET", "path": "/records", "status": 503, "duration_ms": 41.0}
{"timestamp": "2026-08-20T11:20:45.040Z", "level": "ERROR", "event": "dependency_error", "request_id": "lab-000499", "instance_id": "app-01", "dependency": "postgres", "error_type": "InvalidPassword"}
{"timestamp": "2026-08-20T11:20:45.041Z", "level": "WARN", "event": "http_request", "request_id": "lab-000499", "instance_id": "app-01", "method": "GET", "path": "/records", "status": 503, "duration_ms": 41.0}
{"timestamp": "2026-08-20T11:20:47.518Z", "level": "INFO", "event": "http_request", "request_id": "lab-000500", "instance_id": "app-02", "method": "GET", "path": "/counter", "status": 200, "duration_ms": 18.0}
{"timestamp": "2026-08-20T11:20:50.035Z", "level": "INFO", "event": "http_request", "request_id": "lab-000501", "instance_id": "app-01", "method": "GET", "path": "/counter", "status": 200, "duration_ms": 35.0}
{"timestamp": "2026-08-20T11:20:52.552Z", "level": "INFO", "event": "http_request", "request_id": "lab-000502", "instance_id": "app-02", "method": "GET", "path": "/instance", "status": 200, "duration_ms": 52.0}
{"timestamp": "2026-08-20T11:20:55.069Z", "level": "INFO", "event": "http_request", "request_id": "lab-000503", "instance_id": "app-01", "method": "GET", "path": "/instance", "status": 200, "duration_ms": 69.0}
{"timestamp": "2026-08-20T11:20:57.586Z", "level": "INFO", "event": "http_request", "request_id": "lab-000504", "instance_id": "app-02", "method": "GET", "path": "/", "status": 200, "duration_ms": 86.0}
{"timestamp": "2026-08-20T11:21:00.023Z", "level": "INFO", "event": "http_request", "request_id": "lab-000505", "instance_id": "app-01", "method": "GET", "path": "/", "status": 200, "duration_ms": 23.0}
{"timestamp": "2026-08-20T11:21:02.540Z", "level": "INFO", "event": "http_request", "request_id": "lab-000506", "instance_id": "app-02", "method": "GET", "path": "/health", "status": 200, "duration_ms": 40.0}
{"timestamp": "2026-08-20T11:21:05.057Z", "level": "INFO", "event": "http_request", "request_id": "lab-000507", "instance_id": "app-01", "method": "GET", "path": "/health", "status": 200, "duration_ms": 57.0}
{"timestamp": "2026-08-20T11:21:07.540Z", "level": "ERROR", "event": "dependency_error", "request_id": "lab-000508", "instance_id": "app-02", "dependency": "postgres", "error_type": "InvalidPassword"}
{"timestamp": "2026-08-20T11:21:07.541Z", "level": "WARN", "event": "http_request", "request_id": "lab-000508", "instance_id": "app-02", "method": "GET", "path": "/ready", "status": 503, "duration_ms": 41.0}
{"timestamp": "2026-08-20T11:21:10.040Z", "level": "ERROR", "event": "dependency_error", "request_id": "lab-000509", "instance_id": "app-01", "dependency": "postgres", "error_type": "InvalidPassword"}
{"timestamp": "2026-08-20T11:21:10.041Z", "level": "WARN", "event": "http_request", "request_id": "lab-000509", "instance_id": "app-01", "method": "GET", "path": "/ready", "status": 503, "duration_ms": 41.0}
{"timestamp": "2026-08-20T11:21:12.540Z", "level": "ERROR", "event": "dependency_error", "request_id": "lab-000510", "instance_id": "app-02", "dependency": "postgres", "error_type": "InvalidPassword"}
{"timestamp": "2026-08-20T11:21:12.541Z", "level": "WARN", "event": "http_request", "request_id": "lab-000510", "instance_id": "app-02", "method": "GET", "path": "/records", "status": 503, "duration_ms": 41.0}
{"timestamp": "2026-08-20T11:21:15.040Z", "level": "ERROR", "event": "dependency_error", "request_id": "lab-000511", "instance_id": "app-01", "dependency": "postgres", "error_type": "InvalidPassword"}
{"timestamp": "2026-08-20T11:21:15.041Z", "level": "WARN", "event": "http_request", "request_id": "lab-000511", "instance_id": "app-01", "method": "GET", "path": "/records", "status": 503, "duration_ms": 41.0}
{"timestamp": "2026-08-20T11:21:17.562Z", "level": "INFO", "event": "http_request", "request_id": "lab-000512", "instance_id": "app-02", "method": "GET", "path": "/counter", "status": 200, "duration_ms": 62.0}
{"timestamp": "2026-08-20T11:21:20.079Z", "level": "INFO", "event": "http_request", "request_id": "lab-000513", "instance_id": "app-01", "method": "GET", "path": "/counter", "status": 200, "duration_ms": 79.0}
{"timestamp": "2026-08-20T11:21:22.516Z", "level": "INFO", "event": "http_request", "request_id": "lab-000514", "instance_id": "app-02", "method": "GET", "path": "/instance", "status": 200, "duration_ms": 16.0}
{"timestamp": "2026-08-20T11:21:25.033Z", "level": "INFO", "event": "http_request", "request_id": "lab-000515", "instance_id": "app-01", "method": "GET", "path": "/instance", "status": 200, "duration_ms": 33.0}
{"timestamp": "2026-08-20T11:21:27.550Z", "level": "INFO", "event": "http_request", "request_id": "lab-000516", "instance_id": "app-02", "method": "GET", "path": "/", "status": 200, "duration_ms": 50.0}
{"timestamp": "2026-08-20T11:21:30.067Z", "level": "INFO", "event": "http_request", "request_id": "lab-000517", "instance_id": "app-01", "method": "GET", "path": "/", "status": 200, "duration_ms": 67.0}
{"timestamp": "2026-08-20T11:21:32.584Z", "level": "INFO", "event": "http_request", "request_id": "lab-000518", "instance_id": "app-02", "method": "GET", "path": "/health", "status": 200, "duration_ms": 84.0}
{"timestamp": "2026-08-20T11:21:35.021Z", "level": "INFO", "event": "http_request", "request_id": "lab-000519", "instance_id": "app-01", "method": "GET", "path": "/health", "status": 200, "duration_ms": 21.0}
{"timestamp": "2026-08-20T11:21:37.540Z", "level": "ERROR", "event": "dependency_error", "request_id": "lab-000520", "instance_id": "app-02", "dependency": "postgres", "error_type": "InvalidPassword"}
{"timestamp": "2026-08-20T11:21:37.541Z", "level": "WARN", "event": "http_request", "request_id": "lab-000520", "instance_id": "app-02", "method": "GET", "path": "/ready", "status": 503, "duration_ms": 41.0}
{"timestamp": "2026-08-20T11:21:40.040Z", "level": "ERROR", "event": "dependency_error", "request_id": "lab-000521", "instance_id": "app-01", "dependency": "postgres", "error_type": "InvalidPassword"}
{"timestamp": "2026-08-20T11:21:40.041Z", "level": "WARN", "event": "http_request", "request_id": "lab-000521", "instance_id": "app-01", "method": "GET", "path": "/ready", "status": 503, "duration_ms": 41.0}
{"timestamp": "2026-08-20T11:21:42.540Z", "level": "ERROR", "event": "dependency_error", "request_id": "lab-000522", "instance_id": "app-02", "dependency": "postgres", "error_type": "InvalidPassword"}
{"timestamp": "2026-08-20T11:21:42.541Z", "level": "WARN", "event": "http_request", "request_id": "lab-000522", "instance_id": "app-02", "method": "GET", "path": "/records", "status": 503, "duration_ms": 41.0}
{"timestamp": "2026-08-20T11:21:45.040Z", "level": "ERROR", "event": "dependency_error", "request_id": "lab-000523", "instance_id": "app-01", "dependency": "postgres", "error_type": "InvalidPassword"}
{"timestamp": "2026-08-20T11:21:45.041Z", "level": "WARN", "event": "http_request", "request_id": "lab-000523", "instance_id": "app-01", "method": "GET", "path": "/records", "status": 503, "duration_ms": 41.0}
{"timestamp": "2026-08-20T11:21:47.526Z", "level": "INFO", "event": "http_request", "request_id": "lab-000524", "instance_id": "app-02", "method": "GET", "path": "/counter", "status": 200, "duration_ms": 26.0}
{"timestamp": "2026-08-20T11:21:50.043Z", "level": "INFO", "event": "http_request", "request_id": "lab-000525", "instance_id": "app-01", "method": "GET", "path": "/counter", "status": 200, "duration_ms": 43.0}
{"timestamp": "2026-08-20T11:21:52.560Z", "level": "INFO", "event": "http_request", "request_id": "lab-000526", "instance_id": "app-02", "method": "GET", "path": "/instance", "status": 200, "duration_ms": 60.0}
{"timestamp": "2026-08-20T11:21:55.077Z", "level": "INFO", "event": "http_request", "request_id": "lab-000527", "instance_id": "app-01", "method": "GET", "path": "/instance", "status": 200, "duration_ms": 77.0}
{"timestamp": "2026-08-20T11:21:57.594Z", "level": "INFO", "event": "http_request", "request_id": "lab-000528", "instance_id": "app-02", "method": "GET", "path": "/", "status": 200, "duration_ms": 94.0}
{"timestamp": "2026-08-20T11:22:00.031Z", "level": "INFO", "event": "http_request", "request_id": "lab-000529", "instance_id": "app-01", "method": "GET", "path": "/", "status": 200, "duration_ms": 31.0}
{"timestamp": "2026-08-20T11:22:02.548Z", "level": "INFO", "event": "http_request", "request_id": "lab-000530", "instance_id": "app-02", "method": "GET", "path": "/health", "status": 200, "duration_ms": 48.0}
{"timestamp": "2026-08-20T11:22:05.065Z", "level": "INFO", "event": "http_request", "request_id": "lab-000531", "instance_id": "app-01", "method": "GET", "path": "/health", "status": 200, "duration_ms": 65.0}
{"timestamp": "2026-08-20T11:22:07.582Z", "level": "INFO", "event": "http_request", "request_id": "lab-000532", "instance_id": "app-02", "method": "GET", "path": "/ready", "status": 200, "duration_ms": 82.0}
{"timestamp": "2026-08-20T11:22:10.019Z", "level": "INFO", "event": "http_request", "request_id": "lab-000533", "instance_id": "app-01", "method": "GET", "path": "/ready", "status": 200, "duration_ms": 19.0}
{"timestamp": "2026-08-20T11:22:12.536Z", "level": "INFO", "event": "http_request", "request_id": "lab-000534", "instance_id": "app-02", "method": "GET", "path": "/records", "status": 200, "duration_ms": 36.0}
{"timestamp": "2026-08-20T11:22:15.053Z", "level": "INFO", "event": "http_request", "request_id": "lab-000535", "instance_id": "app-01", "method": "GET", "path": "/records", "status": 200, "duration_ms": 53.0}
{"timestamp": "2026-08-20T11:22:17.570Z", "level": "INFO", "event": "http_request", "request_id": "lab-000536", "instance_id": "app-02", "method": "GET", "path": "/counter", "status": 200, "duration_ms": 70.0}
{"timestamp": "2026-08-20T11:22:20.087Z", "level": "INFO", "event": "http_request", "request_id": "lab-000537", "instance_id": "app-01", "method": "GET", "path": "/counter", "status": 200, "duration_ms": 87.0}
{"timestamp": "2026-08-20T11:22:22.524Z", "level": "INFO", "event": "http_request", "request_id": "lab-000538", "instance_id": "app-02", "method": "GET", "path": "/instance", "status": 200, "duration_ms": 24.0}
{"timestamp": "2026-08-20T11:22:25.041Z", "level": "INFO", "event": "http_request", "request_id": "lab-000539", "instance_id": "app-01", "method": "GET", "path": "/instance", "status": 200, "duration_ms": 41.0}
{"timestamp": "2026-08-20T11:22:27.558Z", "level": "INFO", "event": "http_request", "request_id": "lab-000540", "instance_id": "app-02", "method": "GET", "path": "/", "status": 200, "duration_ms": 58.0}
{"timestamp": "2026-08-20T11:22:30.075Z", "level": "INFO", "event": "http_request", "request_id": "lab-000541", "instance_id": "app-01", "method": "GET", "path": "/", "status": 200, "duration_ms": 75.0}
{"timestamp": "2026-08-20T11:22:32.592Z", "level": "INFO", "event": "http_request", "request_id": "lab-000542", "instance_id": "app-02", "method": "GET", "path": "/health", "status": 200, "duration_ms": 92.0}
{"timestamp": "2026-08-20T11:22:35.029Z", "level": "INFO", "event": "http_request", "request_id": "lab-000543", "instance_id": "app-01", "method": "GET", "path": "/health", "status": 200, "duration_ms": 29.0}
{"timestamp": "2026-08-20T11:22:37.546Z", "level": "INFO", "event": "http_request", "request_id": "lab-000544", "instance_id": "app-02", "method": "GET", "path": "/ready", "status": 200, "duration_ms": 46.0}
{"timestamp": "2026-08-20T11:22:40.063Z", "level": "INFO", "event": "http_request", "request_id": "lab-000545", "instance_id": "app-01", "method": "GET", "path": "/ready", "status": 200, "duration_ms": 63.0}
{"timestamp": "2026-08-20T11:22:42.580Z", "level": "INFO", "event": "http_request", "request_id": "lab-000546", "instance_id": "app-02", "method": "GET", "path": "/records", "status": 200, "duration_ms": 80.0}
{"timestamp": "2026-08-20T11:22:45.017Z", "level": "INFO", "event": "http_request", "request_id": "lab-000547", "instance_id": "app-01", "method": "GET", "path": "/records", "status": 200, "duration_ms": 17.0}
{"timestamp": "2026-08-20T11:22:47.534Z", "level": "INFO", "event": "http_request", "request_id": "lab-000548", "instance_id": "app-02", "method": "GET", "path": "/counter", "status": 200, "duration_ms": 34.0}
{"timestamp": "2026-08-20T11:22:50.051Z", "level": "INFO", "event": "http_request", "request_id": "lab-000549", "instance_id": "app-01", "method": "GET", "path": "/counter", "status": 200, "duration_ms": 51.0}
{"timestamp": "2026-08-20T11:22:52.568Z", "level": "INFO", "event": "http_request", "request_id": "lab-000550", "instance_id": "app-02", "method": "GET", "path": "/instance", "status": 200, "duration_ms": 68.0}
{"timestamp": "2026-08-20T11:22:55.085Z", "level": "INFO", "event": "http_request", "request_id": "lab-000551", "instance_id": "app-01", "method": "GET", "path": "/instance", "status": 200, "duration_ms": 85.0}
{"timestamp": "2026-08-20T11:22:57.522Z", "level": "INFO", "event": "http_request", "request_id": "lab-000552", "instance_id": "app-02", "method": "GET", "path": "/", "status": 200, "duration_ms": 22.0}
{"timestamp": "2026-08-20T11:23:00.039Z", "level": "INFO", "event": "http_request", "request_id": "lab-000553", "instance_id": "app-01", "method": "GET", "path": "/", "status": 200, "duration_ms": 39.0}
{"timestamp": "2026-08-20T11:23:02.556Z", "level": "WARN", "event": "http_request", "request_id": "lab-000554", "instance_id": "app-02", "method": "GET", "path": "/missing", "status": 404, "duration_ms": 56.0}
{"timestamp": "2026-08-20T11:23:05.073Z", "level": "INFO", "event": "http_request", "request_id": "lab-000555", "instance_id": "app-01", "method": "GET", "path": "/health", "status": 200, "duration_ms": 73.0}
{"timestamp": "2026-08-20T11:23:07.590Z", "level": "INFO", "event": "http_request", "request_id": "lab-000556", "instance_id": "app-02", "method": "GET", "path": "/ready", "status": 200, "duration_ms": 90.0}
{"timestamp": "2026-08-20T11:23:10.027Z", "level": "INFO", "event": "http_request", "request_id": "lab-000557", "instance_id": "app-01", "method": "GET", "path": "/ready", "status": 200, "duration_ms": 27.0}
{"timestamp": "2026-08-20T11:23:12.544Z", "level": "INFO", "event": "http_request", "request_id": "lab-000558", "instance_id": "app-02", "method": "GET", "path": "/records", "status": 200, "duration_ms": 44.0}
{"timestamp": "2026-08-20T11:23:15.061Z", "level": "INFO", "event": "http_request", "request_id": "lab-000559", "instance_id": "app-01", "method": "GET", "path": "/records", "status": 200, "duration_ms": 61.0}
{"timestamp": "2026-08-20T11:23:17.578Z", "level": "INFO", "event": "http_request", "request_id": "lab-000560", "instance_id": "app-02", "method": "GET", "path": "/counter", "status": 200, "duration_ms": 78.0}
{"timestamp": "2026-08-20T11:23:20.015Z", "level": "INFO", "event": "http_request", "request_id": "lab-000561", "instance_id": "app-01", "method": "GET", "path": "/counter", "status": 200, "duration_ms": 15.0}
{"timestamp": "2026-08-20T11:23:22.532Z", "level": "INFO", "event": "http_request", "request_id": "lab-000562", "instance_id": "app-02", "method": "GET", "path": "/instance", "status": 200, "duration_ms": 32.0}
{"timestamp": "2026-08-20T11:23:25.049Z", "level": "INFO", "event": "http_request", "request_id": "lab-000563", "instance_id": "app-01", "method": "GET", "path": "/instance", "status": 200, "duration_ms": 49.0}
{"timestamp": "2026-08-20T11:23:27.566Z", "level": "INFO", "event": "http_request", "request_id": "lab-000564", "instance_id": "app-02", "method": "GET", "path": "/", "status": 200, "duration_ms": 66.0}
{"timestamp": "2026-08-20T11:23:30.083Z", "level": "INFO", "event": "http_request", "request_id": "lab-000565", "instance_id": "app-01", "method": "GET", "path": "/", "status": 200, "duration_ms": 83.0}
{"timestamp": "2026-08-20T11:23:32.520Z", "level": "INFO", "event": "http_request", "request_id": "lab-000566", "instance_id": "app-02", "method": "GET", "path": "/health", "status": 200, "duration_ms": 20.0}
{"timestamp": "2026-08-20T11:23:35.037Z", "level": "INFO", "event": "http_request", "request_id": "lab-000567", "instance_id": "app-01", "method": "GET", "path": "/health", "status": 200, "duration_ms": 37.0}
{"timestamp": "2026-08-20T11:23:37.554Z", "level": "INFO", "event": "http_request", "request_id": "lab-000568", "instance_id": "app-02", "method": "GET", "path": "/ready", "status": 200, "duration_ms": 54.0}
{"timestamp": "2026-08-20T11:23:40.071Z", "level": "INFO", "event": "http_request", "request_id": "lab-000569", "instance_id": "app-01", "method": "GET", "path": "/ready", "status": 200, "duration_ms": 71.0}
{"timestamp": "2026-08-20T11:23:42.588Z", "level": "INFO", "event": "http_request", "request_id": "lab-000570", "instance_id": "app-02", "method": "GET", "path": "/records", "status": 200, "duration_ms": 88.0}
{"timestamp": "2026-08-20T11:23:45.025Z", "level": "INFO", "event": "http_request", "request_id": "lab-000571", "instance_id": "app-01", "method": "GET", "path": "/records", "status": 200, "duration_ms": 25.0}
{"timestamp": "2026-08-20T11:23:47.542Z", "level": "INFO", "event": "http_request", "request_id": "lab-000572", "instance_id": "app-02", "method": "GET", "path": "/counter", "status": 200, "duration_ms": 42.0}
{"timestamp": "2026-08-20T11:23:50.059Z", "level": "INFO", "event": "http_request", "request_id": "lab-000573", "instance_id": "app-01", "method": "GET", "path": "/counter", "status": 200, "duration_ms": 59.0}
{"timestamp": "2026-08-20T11:23:52.576Z", "level": "INFO", "event": "http_request", "request_id": "lab-000574", "instance_id": "app-02", "method": "GET", "path": "/instance", "status": 200, "duration_ms": 76.0}
{"timestamp": "2026-08-20T11:23:55.093Z", "level": "INFO", "event": "http_request", "request_id": "lab-000575", "instance_id": "app-01", "method": "GET", "path": "/instance", "status": 200, "duration_ms": 93.0}
{"timestamp": "2026-08-20T11:23:57.530Z", "level": "INFO", "event": "http_request", "request_id": "lab-000576", "instance_id": "app-02", "method": "GET", "path": "/", "status": 200, "duration_ms": 30.0}
{"timestamp": "2026-08-20T11:24:00.047Z", "level": "INFO", "event": "http_request", "request_id": "lab-000577", "instance_id": "app-01", "method": "GET", "path": "/", "status": 200, "duration_ms": 47.0}
{"timestamp": "2026-08-20T11:24:02.564Z", "level": "INFO", "event": "http_request", "request_id": "lab-000578", "instance_id": "app-02", "method": "GET", "path": "/health", "status": 200, "duration_ms": 64.0}
{"timestamp": "2026-08-20T11:24:05.081Z", "level": "INFO", "event": "http_request", "request_id": "lab-000579", "instance_id": "app-01", "method": "GET", "path": "/health", "status": 200, "duration_ms": 81.0}
{"timestamp": "2026-08-20T11:24:07.518Z", "level": "INFO", "event": "http_request", "request_id": "lab-000580", "instance_id": "app-02", "method": "GET", "path": "/ready", "status": 200, "duration_ms": 18.0}
{"timestamp": "2026-08-20T11:24:10.035Z", "level": "INFO", "event": "http_request", "request_id": "lab-000581", "instance_id": "app-01", "method": "GET", "path": "/ready", "status": 200, "duration_ms": 35.0}
{"timestamp": "2026-08-20T11:24:12.552Z", "level": "INFO", "event": "http_request", "request_id": "lab-000582", "instance_id": "app-02", "method": "GET", "path": "/records", "status": 200, "duration_ms": 52.0}
{"timestamp": "2026-08-20T11:24:15.069Z", "level": "INFO", "event": "http_request", "request_id": "lab-000583", "instance_id": "app-01", "method": "GET", "path": "/records", "status": 200, "duration_ms": 69.0}
{"timestamp": "2026-08-20T11:24:17.586Z", "level": "INFO", "event": "http_request", "request_id": "lab-000584", "instance_id": "app-02", "method": "GET", "path": "/counter", "status": 200, "duration_ms": 86.0}
{"timestamp": "2026-08-20T11:24:20.023Z", "level": "INFO", "event": "http_request", "request_id": "lab-000585", "instance_id": "app-01", "method": "GET", "path": "/counter", "status": 200, "duration_ms": 23.0}
{"timestamp": "2026-08-20T11:24:22.540Z", "level": "INFO", "event": "http_request", "request_id": "lab-000586", "instance_id": "app-02", "method": "GET", "path": "/instance", "status": 200, "duration_ms": 40.0}
{"timestamp": "2026-08-20T11:24:25.057Z", "level": "INFO", "event": "http_request", "request_id": "lab-000587", "instance_id": "app-01", "method": "GET", "path": "/instance", "status": 200, "duration_ms": 57.0}
{"timestamp": "2026-08-20T11:24:27.574Z", "level": "INFO", "event": "http_request", "request_id": "lab-000588", "instance_id": "app-02", "method": "GET", "path": "/", "status": 200, "duration_ms": 74.0}
{"timestamp": "2026-08-20T11:24:30.091Z", "level": "INFO", "event": "http_request", "request_id": "lab-000589", "instance_id": "app-01", "method": "GET", "path": "/", "status": 200, "duration_ms": 91.0}
{"timestamp": "2026-08-20T11:24:32.528Z", "level": "INFO", "event": "http_request", "request_id": "lab-000590", "instance_id": "app-02", "method": "GET", "path": "/health", "status": 200, "duration_ms": 28.0}
{"timestamp": "2026-08-20T11:24:35.045Z", "level": "INFO", "event": "http_request", "request_id": "lab-000591", "instance_id": "app-01", "method": "GET", "path": "/health", "status": 200, "duration_ms": 45.0}
{"timestamp": "2026-08-20T11:24:37.562Z", "level": "INFO", "event": "http_request", "request_id": "lab-000592", "instance_id": "app-02", "method": "GET", "path": "/ready", "status": 200, "duration_ms": 62.0}
{"timestamp": "2026-08-20T11:24:40.079Z", "level": "INFO", "event": "http_request", "request_id": "lab-000593", "instance_id": "app-01", "method": "GET", "path": "/ready", "status": 200, "duration_ms": 79.0}
{"timestamp": "2026-08-20T11:24:42.516Z", "level": "INFO", "event": "http_request", "request_id": "lab-000594", "instance_id": "app-02", "method": "GET", "path": "/records", "status": 200, "duration_ms": 16.0}
{"timestamp": "2026-08-20T11:24:45.033Z", "level": "INFO", "event": "http_request", "request_id": "lab-000595", "instance_id": "app-01", "method": "GET", "path": "/records", "status": 200, "duration_ms": 33.0}
{"timestamp": "2026-08-20T11:24:47.550Z", "level": "INFO", "event": "http_request", "request_id": "lab-000596", "instance_id": "app-02", "method": "GET", "path": "/counter", "status": 200, "duration_ms": 50.0}
{"timestamp": "2026-08-20T11:24:50.067Z", "level": "INFO", "event": "http_request", "request_id": "lab-000597", "instance_id": "app-01", "method": "GET", "path": "/counter", "status": 200, "duration_ms": 67.0}
{"timestamp": "2026-08-20T11:24:52.584Z", "level": "INFO", "event": "http_request", "request_id": "lab-000598", "instance_id": "app-02", "method": "GET", "path": "/instance", "status": 200, "duration_ms": 84.0}
{"timestamp": "2026-08-20T11:24:55.021Z", "level": "INFO", "event": "http_request", "request_id": "lab-000599", "instance_id": "app-01", "method": "GET", "path": "/instance", "status": 200, "duration_ms": 21.0}
{"timestamp": "2026-08-20T11:24:57.538Z", "level": "INFO", "event": "http_request", "request_id": "lab-000600", "instance_id": "app-02", "method": "GET", "path": "/", "status": 200, "duration_ms": 38.0}
{"timestamp": "2026-08-20T11:25:00.055Z", "level": "INFO", "event": "http_request", "request_id": "lab-000601", "instance_id": "app-01", "method": "GET", "path": "/", "status": 200, "duration_ms": 55.0}
{"timestamp": "2026-08-20T11:25:02.572Z", "level": "INFO", "event": "http_request", "request_id": "lab-000602", "instance_id": "app-02", "method": "GET", "path": "/health", "status": 200, "duration_ms": 72.0}
{"timestamp": "2026-08-20T11:25:05.089Z", "level": "INFO", "event": "http_request", "request_id": "lab-000603", "instance_id": "app-01", "method": "GET", "path": "/health", "status": 200, "duration_ms": 89.0}
{"timestamp": "2026-08-20T11:25:07.526Z", "level": "INFO", "event": "http_request", "request_id": "lab-000604", "instance_id": "app-02", "method": "GET", "path": "/ready", "status": 200, "duration_ms": 26.0}
{"timestamp": "2026-08-20T11:25:10.043Z", "level": "INFO", "event": "http_request", "request_id": "lab-000605", "instance_id": "app-01", "method": "GET", "path": "/ready", "status": 200, "duration_ms": 43.0}
{"timestamp": "2026-08-20T11:25:15.200Z", "level": "INFO", "event": "http_request", "request_id": "lab-000606", "instance_id": "app-02", "method": "GET", "path": "/records", "status": 200, "duration_ms": 2700}
{"timestamp": "2026-08-20T11:25:17.700Z", "level": "INFO", "event": "http_request", "request_id": "lab-000607", "instance_id": "app-01", "method": "GET", "path": "/records", "status": 200, "duration_ms": 2700}
{"timestamp": "2026-08-20T11:25:17.594Z", "level": "INFO", "event": "http_request", "request_id": "lab-000608", "instance_id": "app-02", "method": "GET", "path": "/counter", "status": 200, "duration_ms": 94.0}
{"timestamp": "2026-08-20T11:25:20.031Z", "level": "INFO", "event": "http_request", "request_id": "lab-000609", "instance_id": "app-01", "method": "GET", "path": "/counter", "status": 200, "duration_ms": 31.0}
{"timestamp": "2026-08-20T11:25:22.548Z", "level": "INFO", "event": "http_request", "request_id": "lab-000610", "instance_id": "app-02", "method": "GET", "path": "/instance", "status": 200, "duration_ms": 48.0}
{"timestamp": "2026-08-20T11:25:25.065Z", "level": "INFO", "event": "http_request", "request_id": "lab-000611", "instance_id": "app-01", "method": "GET", "path": "/instance", "status": 200, "duration_ms": 65.0}
{"timestamp": "2026-08-20T11:25:27.582Z", "level": "INFO", "event": "http_request", "request_id": "lab-000612", "instance_id": "app-02", "method": "GET", "path": "/", "status": 200, "duration_ms": 82.0}
{"timestamp": "2026-08-20T11:25:30.019Z", "level": "INFO", "event": "http_request", "request_id": "lab-000613", "instance_id": "app-01", "method": "GET", "path": "/", "status": 200, "duration_ms": 19.0}
{"timestamp": "2026-08-20T11:25:32.536Z", "level": "INFO", "event": "http_request", "request_id": "lab-000614", "instance_id": "app-02", "method": "GET", "path": "/health", "status": 200, "duration_ms": 36.0}
{"timestamp": "2026-08-20T11:25:35.053Z", "level": "INFO", "event": "http_request", "request_id": "lab-000615", "instance_id": "app-01", "method": "GET", "path": "/health", "status": 200, "duration_ms": 53.0}
{"timestamp": "2026-08-20T11:25:37.570Z", "level": "INFO", "event": "http_request", "request_id": "lab-000616", "instance_id": "app-02", "method": "GET", "path": "/ready", "status": 200, "duration_ms": 70.0}
{"timestamp": "2026-08-20T11:25:40.087Z", "level": "INFO", "event": "http_request", "request_id": "lab-000617", "instance_id": "app-01", "method": "GET", "path": "/ready", "status": 200, "duration_ms": 87.0}
{"timestamp": "2026-08-20T11:25:45.200Z", "level": "INFO", "event": "http_request", "request_id": "lab-000618", "instance_id": "app-02", "method": "GET", "path": "/records", "status": 200, "duration_ms": 2700}
{"timestamp": "2026-08-20T11:25:47.700Z", "level": "INFO", "event": "http_request", "request_id": "lab-000619", "instance_id": "app-01", "method": "GET", "path": "/records", "status": 200, "duration_ms": 2700}
{"timestamp": "2026-08-20T11:25:47.558Z", "level": "INFO", "event": "http_request", "request_id": "lab-000620", "instance_id": "app-02", "method": "GET", "path": "/counter", "status": 200, "duration_ms": 58.0}
{"timestamp": "2026-08-20T11:25:50.075Z", "level": "INFO", "event": "http_request", "request_id": "lab-000621", "instance_id": "app-01", "method": "GET", "path": "/counter", "status": 200, "duration_ms": 75.0}
{"timestamp": "2026-08-20T11:25:52.592Z", "level": "INFO", "event": "http_request", "request_id": "lab-000622", "instance_id": "app-02", "method": "GET", "path": "/instance", "status": 200, "duration_ms": 92.0}
{"timestamp": "2026-08-20T11:25:55.029Z", "level": "INFO", "event": "http_request", "request_id": "lab-000623", "instance_id": "app-01", "method": "GET", "path": "/instance", "status": 200, "duration_ms": 29.0}
{"timestamp": "2026-08-20T11:25:57.546Z", "level": "INFO", "event": "http_request", "request_id": "lab-000624", "instance_id": "app-02", "method": "GET", "path": "/", "status": 200, "duration_ms": 46.0}
{"timestamp": "2026-08-20T11:26:00.063Z", "level": "INFO", "event": "http_request", "request_id": "lab-000625", "instance_id": "app-01", "method": "GET", "path": "/", "status": 200, "duration_ms": 63.0}
{"timestamp": "2026-08-20T11:26:02.580Z", "level": "INFO", "event": "http_request", "request_id": "lab-000626", "instance_id": "app-02", "method": "GET", "path": "/health", "status": 200, "duration_ms": 80.0}
{"timestamp": "2026-08-20T11:26:05.017Z", "level": "INFO", "event": "http_request", "request_id": "lab-000627", "instance_id": "app-01", "method": "GET", "path": "/health", "status": 200, "duration_ms": 17.0}
{"timestamp": "2026-08-20T11:26:07.534Z", "level": "INFO", "event": "http_request", "request_id": "lab-000628", "instance_id": "app-02", "method": "GET", "path": "/ready", "status": 200, "duration_ms": 34.0}
{"timestamp": "2026-08-20T11:26:10.051Z", "level": "INFO", "event": "http_request", "request_id": "lab-000629", "instance_id": "app-01", "method": "GET", "path": "/ready", "status": 200, "duration_ms": 51.0}
{"timestamp": "2026-08-20T11:26:15.200Z", "level": "INFO", "event": "http_request", "request_id": "lab-000630", "instance_id": "app-02", "method": "GET", "path": "/records", "status": 200, "duration_ms": 2700}
{"timestamp": "2026-08-20T11:26:17.700Z", "level": "INFO", "event": "http_request", "request_id": "lab-000631", "instance_id": "app-01", "method": "GET", "path": "/records", "status": 200, "duration_ms": 2700}
{"timestamp": "2026-08-20T11:26:17.522Z", "level": "INFO", "event": "http_request", "request_id": "lab-000632", "instance_id": "app-02", "method": "GET", "path": "/counter", "status": 200, "duration_ms": 22.0}
{"timestamp": "2026-08-20T11:26:20.039Z", "level": "WARN", "event": "http_request", "request_id": "lab-000633", "instance_id": "app-01", "method": "GET", "path": "/missing", "status": 404, "duration_ms": 39.0}
{"timestamp": "2026-08-20T11:26:22.556Z", "level": "INFO", "event": "http_request", "request_id": "lab-000634", "instance_id": "app-02", "method": "GET", "path": "/instance", "status": 200, "duration_ms": 56.0}
{"timestamp": "2026-08-20T11:26:25.073Z", "level": "INFO", "event": "http_request", "request_id": "lab-000635", "instance_id": "app-01", "method": "GET", "path": "/instance", "status": 200, "duration_ms": 73.0}
{"timestamp": "2026-08-20T11:26:27.590Z", "level": "INFO", "event": "http_request", "request_id": "lab-000636", "instance_id": "app-02", "method": "GET", "path": "/", "status": 200, "duration_ms": 90.0}
{"timestamp": "2026-08-20T11:26:30.027Z", "level": "INFO", "event": "http_request", "request_id": "lab-000637", "instance_id": "app-01", "method": "GET", "path": "/", "status": 200, "duration_ms": 27.0}
{"timestamp": "2026-08-20T11:26:32.544Z", "level": "INFO", "event": "http_request", "request_id": "lab-000638", "instance_id": "app-02", "method": "GET", "path": "/health", "status": 200, "duration_ms": 44.0}
{"timestamp": "2026-08-20T11:26:35.061Z", "level": "INFO", "event": "http_request", "request_id": "lab-000639", "instance_id": "app-01", "method": "GET", "path": "/health", "status": 200, "duration_ms": 61.0}
{"timestamp": "2026-08-20T11:26:37.578Z", "level": "INFO", "event": "http_request", "request_id": "lab-000640", "instance_id": "app-02", "method": "GET", "path": "/ready", "status": 200, "duration_ms": 78.0}
{"timestamp": "2026-08-20T11:26:40.015Z", "level": "INFO", "event": "http_request", "request_id": "lab-000641", "instance_id": "app-01", "method": "GET", "path": "/ready", "status": 200, "duration_ms": 15.0}
{"timestamp": "2026-08-20T11:26:45.200Z", "level": "INFO", "event": "http_request", "request_id": "lab-000642", "instance_id": "app-02", "method": "GET", "path": "/records", "status": 200, "duration_ms": 2700}
{"timestamp": "2026-08-20T11:26:47.700Z", "level": "INFO", "event": "http_request", "request_id": "lab-000643", "instance_id": "app-01", "method": "GET", "path": "/records", "status": 200, "duration_ms": 2700}
{"timestamp": "2026-08-20T11:26:47.566Z", "level": "INFO", "event": "http_request", "request_id": "lab-000644", "instance_id": "app-02", "method": "GET", "path": "/counter", "status": 200, "duration_ms": 66.0}
{"timestamp": "2026-08-20T11:26:50.083Z", "level": "INFO", "event": "http_request", "request_id": "lab-000645", "instance_id": "app-01", "method": "GET", "path": "/counter", "status": 200, "duration_ms": 83.0}
{"timestamp": "2026-08-20T11:26:52.520Z", "level": "INFO", "event": "http_request", "request_id": "lab-000646", "instance_id": "app-02", "method": "GET", "path": "/instance", "status": 200, "duration_ms": 20.0}
{"timestamp": "2026-08-20T11:26:55.037Z", "level": "INFO", "event": "http_request", "request_id": "lab-000647", "instance_id": "app-01", "method": "GET", "path": "/instance", "status": 200, "duration_ms": 37.0}
{"timestamp": "2026-08-20T11:26:57.554Z", "level": "INFO", "event": "http_request", "request_id": "lab-000648", "instance_id": "app-02", "method": "GET", "path": "/", "status": 200, "duration_ms": 54.0}
{"timestamp": "2026-08-20T11:27:00.071Z", "level": "INFO", "event": "http_request", "request_id": "lab-000649", "instance_id": "app-01", "method": "GET", "path": "/", "status": 200, "duration_ms": 71.0}
{"timestamp": "2026-08-20T11:27:02.588Z", "level": "INFO", "event": "http_request", "request_id": "lab-000650", "instance_id": "app-02", "method": "GET", "path": "/health", "status": 200, "duration_ms": 88.0}
{"timestamp": "2026-08-20T11:27:05.025Z", "level": "INFO", "event": "http_request", "request_id": "lab-000651", "instance_id": "app-01", "method": "GET", "path": "/health", "status": 200, "duration_ms": 25.0}
{"timestamp": "2026-08-20T11:27:07.542Z", "level": "INFO", "event": "http_request", "request_id": "lab-000652", "instance_id": "app-02", "method": "GET", "path": "/ready", "status": 200, "duration_ms": 42.0}
{"timestamp": "2026-08-20T11:27:10.059Z", "level": "INFO", "event": "http_request", "request_id": "lab-000653", "instance_id": "app-01", "method": "GET", "path": "/ready", "status": 200, "duration_ms": 59.0}
{"timestamp": "2026-08-20T11:27:12.576Z", "level": "INFO", "event": "http_request", "request_id": "lab-000654", "instance_id": "app-02", "method": "GET", "path": "/records", "status": 200, "duration_ms": 76.0}
{"timestamp": "2026-08-20T11:27:15.093Z", "level": "INFO", "event": "http_request", "request_id": "lab-000655", "instance_id": "app-01", "method": "GET", "path": "/records", "status": 200, "duration_ms": 93.0}
{"timestamp": "2026-08-20T11:27:17.530Z", "level": "INFO", "event": "http_request", "request_id": "lab-000656", "instance_id": "app-02", "method": "GET", "path": "/counter", "status": 200, "duration_ms": 30.0}
{"timestamp": "2026-08-20T11:27:20.047Z", "level": "INFO", "event": "http_request", "request_id": "lab-000657", "instance_id": "app-01", "method": "GET", "path": "/counter", "status": 200, "duration_ms": 47.0}
{"timestamp": "2026-08-20T11:27:22.564Z", "level": "INFO", "event": "http_request", "request_id": "lab-000658", "instance_id": "app-02", "method": "GET", "path": "/instance", "status": 200, "duration_ms": 64.0}
{"timestamp": "2026-08-20T11:27:25.081Z", "level": "INFO", "event": "http_request", "request_id": "lab-000659", "instance_id": "app-01", "method": "GET", "path": "/instance", "status": 200, "duration_ms": 81.0}
{"timestamp": "2026-08-20T11:27:27.518Z", "level": "INFO", "event": "http_request", "request_id": "lab-000660", "instance_id": "app-02", "method": "GET", "path": "/", "status": 200, "duration_ms": 18.0}
{"timestamp": "2026-08-20T11:27:30.035Z", "level": "INFO", "event": "http_request", "request_id": "lab-000661", "instance_id": "app-01", "method": "GET", "path": "/", "status": 200, "duration_ms": 35.0}
{"timestamp": "2026-08-20T11:27:32.552Z", "level": "INFO", "event": "http_request", "request_id": "lab-000662", "instance_id": "app-02", "method": "GET", "path": "/health", "status": 200, "duration_ms": 52.0}
{"timestamp": "2026-08-20T11:27:35.069Z", "level": "INFO", "event": "http_request", "request_id": "lab-000663", "instance_id": "app-01", "method": "GET", "path": "/health", "status": 200, "duration_ms": 69.0}
{"timestamp": "2026-08-20T11:27:37.586Z", "level": "INFO", "event": "http_request", "request_id": "lab-000664", "instance_id": "app-02", "method": "GET", "path": "/ready", "status": 200, "duration_ms": 86.0}
{"timestamp": "2026-08-20T11:27:40.023Z", "level": "INFO", "event": "http_request", "request_id": "lab-000665", "instance_id": "app-01", "method": "GET", "path": "/ready", "status": 200, "duration_ms": 23.0}
{"timestamp": "2026-08-20T11:27:42.540Z", "level": "INFO", "event": "http_request", "request_id": "lab-000666", "instance_id": "app-02", "method": "GET", "path": "/records", "status": 200, "duration_ms": 40.0}
{"timestamp": "2026-08-20T11:27:45.057Z", "level": "INFO", "event": "http_request", "request_id": "lab-000667", "instance_id": "app-01", "method": "GET", "path": "/records", "status": 200, "duration_ms": 57.0}
{"timestamp": "2026-08-20T11:27:47.574Z", "level": "INFO", "event": "http_request", "request_id": "lab-000668", "instance_id": "app-02", "method": "GET", "path": "/counter", "status": 200, "duration_ms": 74.0}
{"timestamp": "2026-08-20T11:27:50.091Z", "level": "INFO", "event": "http_request", "request_id": "lab-000669", "instance_id": "app-01", "method": "GET", "path": "/counter", "status": 200, "duration_ms": 91.0}
{"timestamp": "2026-08-20T11:27:52.528Z", "level": "INFO", "event": "http_request", "request_id": "lab-000670", "instance_id": "app-02", "method": "GET", "path": "/instance", "status": 200, "duration_ms": 28.0}
{"timestamp": "2026-08-20T11:27:55.045Z", "level": "INFO", "event": "http_request", "request_id": "lab-000671", "instance_id": "app-01", "method": "GET", "path": "/instance", "status": 200, "duration_ms": 45.0}
{"timestamp": "2026-08-20T11:27:57.562Z", "level": "INFO", "event": "http_request", "request_id": "lab-000672", "instance_id": "app-02", "method": "GET", "path": "/", "status": 200, "duration_ms": 62.0}
{"timestamp": "2026-08-20T11:28:00.079Z", "level": "INFO", "event": "http_request", "request_id": "lab-000673", "instance_id": "app-01", "method": "GET", "path": "/", "status": 200, "duration_ms": 79.0}
{"timestamp": "2026-08-20T11:28:02.516Z", "level": "INFO", "event": "http_request", "request_id": "lab-000674", "instance_id": "app-02", "method": "GET", "path": "/health", "status": 200, "duration_ms": 16.0}
{"timestamp": "2026-08-20T11:28:05.033Z", "level": "INFO", "event": "http_request", "request_id": "lab-000675", "instance_id": "app-01", "method": "GET", "path": "/health", "status": 200, "duration_ms": 33.0}
{"timestamp": "2026-08-20T11:28:07.550Z", "level": "INFO", "event": "http_request", "request_id": "lab-000676", "instance_id": "app-02", "method": "GET", "path": "/ready", "status": 200, "duration_ms": 50.0}
{"timestamp": "2026-08-20T11:28:10.067Z", "level": "INFO", "event": "http_request", "request_id": "lab-000677", "instance_id": "app-01", "method": "GET", "path": "/ready", "status": 200, "duration_ms": 67.0}
{"timestamp": "2026-08-20T11:28:12.584Z", "level": "INFO", "event": "http_request", "request_id": "lab-000678", "instance_id": "app-02", "method": "GET", "path": "/records", "status": 200, "duration_ms": 84.0}
{"timestamp": "2026-08-20T11:28:15.021Z", "level": "INFO", "event": "http_request", "request_id": "lab-000679", "instance_id": "app-01", "method": "GET", "path": "/records", "status": 200, "duration_ms": 21.0}
{"timestamp": "2026-08-20T11:28:17.538Z", "level": "INFO", "event": "http_request", "request_id": "lab-000680", "instance_id": "app-02", "method": "GET", "path": "/counter", "status": 200, "duration_ms": 38.0}
{"timestamp": "2026-08-20T11:28:20.055Z", "level": "INFO", "event": "http_request", "request_id": "lab-000681", "instance_id": "app-01", "method": "GET", "path": "/counter", "status": 200, "duration_ms": 55.0}
{"timestamp": "2026-08-20T11:28:22.572Z", "level": "INFO", "event": "http_request", "request_id": "lab-000682", "instance_id": "app-02", "method": "GET", "path": "/instance", "status": 200, "duration_ms": 72.0}
{"timestamp": "2026-08-20T11:28:25.089Z", "level": "INFO", "event": "http_request", "request_id": "lab-000683", "instance_id": "app-01", "method": "GET", "path": "/instance", "status": 200, "duration_ms": 89.0}
{"timestamp": "2026-08-20T11:28:27.526Z", "level": "INFO", "event": "http_request", "request_id": "lab-000684", "instance_id": "app-02", "method": "GET", "path": "/", "status": 200, "duration_ms": 26.0}
{"timestamp": "2026-08-20T11:28:30.043Z", "level": "INFO", "event": "http_request", "request_id": "lab-000685", "instance_id": "app-01", "method": "GET", "path": "/", "status": 200, "duration_ms": 43.0}
{"timestamp": "2026-08-20T11:28:32.560Z", "level": "INFO", "event": "http_request", "request_id": "lab-000686", "instance_id": "app-02", "method": "GET", "path": "/health", "status": 200, "duration_ms": 60.0}
{"timestamp": "2026-08-20T11:28:35.077Z", "level": "INFO", "event": "http_request", "request_id": "lab-000687", "instance_id": "app-01", "method": "GET", "path": "/health", "status": 200, "duration_ms": 77.0}
{"timestamp": "2026-08-20T11:28:37.594Z", "level": "INFO", "event": "http_request", "request_id": "lab-000688", "instance_id": "app-02", "method": "GET", "path": "/ready", "status": 200, "duration_ms": 94.0}
{"timestamp": "2026-08-20T11:28:40.031Z", "level": "INFO", "event": "http_request", "request_id": "lab-000689", "instance_id": "app-01", "method": "GET", "path": "/ready", "status": 200, "duration_ms": 31.0}
{"timestamp": "2026-08-20T11:28:42.548Z", "level": "INFO", "event": "http_request", "request_id": "lab-000690", "instance_id": "app-02", "method": "GET", "path": "/records", "status": 200, "duration_ms": 48.0}
{"timestamp": "2026-08-20T11:28:45.065Z", "level": "INFO", "event": "http_request", "request_id": "lab-000691", "instance_id": "app-01", "method": "GET", "path": "/records", "status": 200, "duration_ms": 65.0}
{"timestamp": "2026-08-20T11:28:47.582Z", "level": "INFO", "event": "http_request", "request_id": "lab-000692", "instance_id": "app-02", "method": "GET", "path": "/counter", "status": 200, "duration_ms": 82.0}
{"timestamp": "2026-08-20T11:28:50.019Z", "level": "INFO", "event": "http_request", "request_id": "lab-000693", "instance_id": "app-01", "method": "GET", "path": "/counter", "status": 200, "duration_ms": 19.0}
{"timestamp": "2026-08-20T11:28:52.536Z", "level": "INFO", "event": "http_request", "request_id": "lab-000694", "instance_id": "app-02", "method": "GET", "path": "/instance", "status": 200, "duration_ms": 36.0}
{"timestamp": "2026-08-20T11:28:55.053Z", "level": "INFO", "event": "http_request", "request_id": "lab-000695", "instance_id": "app-01", "method": "GET", "path": "/instance", "status": 200, "duration_ms": 53.0}
{"timestamp": "2026-08-20T11:28:57.570Z", "level": "INFO", "event": "http_request", "request_id": "lab-000696", "instance_id": "app-02", "method": "GET", "path": "/", "status": 200, "duration_ms": 70.0}
{"timestamp": "2026-08-20T11:29:00.087Z", "level": "INFO", "event": "http_request", "request_id": "lab-000697", "instance_id": "app-01", "method": "GET", "path": "/", "status": 200, "duration_ms": 87.0}
{"timestamp": "2026-08-20T11:29:02.524Z", "level": "INFO", "event": "http_request", "request_id": "lab-000698", "instance_id": "app-02", "method": "GET", "path": "/health", "status": 200, "duration_ms": 24.0}
{"timestamp": "2026-08-20T11:29:05.041Z", "level": "INFO", "event": "http_request", "request_id": "lab-000699", "instance_id": "app-01", "method": "GET", "path": "/health", "status": 200, "duration_ms": 41.0}
{"timestamp": "2026-08-20T11:29:07.558Z", "level": "INFO", "event": "http_request", "request_id": "lab-000700", "instance_id": "app-02", "method": "GET", "path": "/ready", "status": 200, "duration_ms": 58.0}
{"timestamp": "2026-08-20T11:29:10.075Z", "level": "INFO", "event": "http_request", "request_id": "lab-000701", "instance_id": "app-01", "method": "GET", "path": "/ready", "status": 200, "duration_ms": 75.0}
{"timestamp": "2026-08-20T11:29:12.592Z", "level": "INFO", "event": "http_request", "request_id": "lab-000702", "instance_id": "app-02", "method": "GET", "path": "/records", "status": 200, "duration_ms": 92.0}
{"timestamp": "2026-08-20T11:29:15.029Z", "level": "INFO", "event": "http_request", "request_id": "lab-000703", "instance_id": "app-01", "method": "GET", "path": "/records", "status": 200, "duration_ms": 29.0}
{"timestamp": "2026-08-20T11:29:17.546Z", "level": "INFO", "event": "http_request", "request_id": "lab-000704", "instance_id": "app-02", "method": "GET", "path": "/counter", "status": 200, "duration_ms": 46.0}
{"timestamp": "2026-08-20T11:29:20.063Z", "level": "INFO", "event": "http_request", "request_id": "lab-000705", "instance_id": "app-01", "method": "GET", "path": "/counter", "status": 200, "duration_ms": 63.0}
{"timestamp": "2026-08-20T11:29:22.580Z", "level": "INFO", "event": "http_request", "request_id": "lab-000706", "instance_id": "app-02", "method": "GET", "path": "/instance", "status": 200, "duration_ms": 80.0}
{"timestamp": "2026-08-20T11:29:25.017Z", "level": "INFO", "event": "http_request", "request_id": "lab-000707", "instance_id": "app-01", "method": "GET", "path": "/instance", "status": 200, "duration_ms": 17.0}
{"timestamp": "2026-08-20T11:29:27.534Z", "level": "INFO", "event": "http_request", "request_id": "lab-000708", "instance_id": "app-02", "method": "GET", "path": "/", "status": 200, "duration_ms": 34.0}
{"timestamp": "2026-08-20T11:29:30.051Z", "level": "INFO", "event": "http_request", "request_id": "lab-000709", "instance_id": "app-01", "method": "GET", "path": "/", "status": 200, "duration_ms": 51.0}
{"timestamp": "2026-08-20T11:29:32.568Z", "level": "INFO", "event": "http_request", "request_id": "lab-000710", "instance_id": "app-02", "method": "GET", "path": "/health", "status": 200, "duration_ms": 68.0}
{"timestamp": "2026-08-20T11:29:35.085Z", "level": "INFO", "event": "http_request", "request_id": "lab-000711", "instance_id": "app-01", "method": "GET", "path": "/health", "status": 200, "duration_ms": 85.0}
{"timestamp": "2026-08-20T11:29:37.522Z", "level": "WARN", "event": "http_request", "request_id": "lab-000712", "instance_id": "app-02", "method": "GET", "path": "/missing", "status": 404, "duration_ms": 22.0}
{"timestamp": "2026-08-20T11:29:40.039Z", "level": "INFO", "event": "http_request", "request_id": "lab-000713", "instance_id": "app-01", "method": "GET", "path": "/ready", "status": 200, "duration_ms": 39.0}
{"timestamp": "2026-08-20T11:29:42.556Z", "level": "INFO", "event": "http_request", "request_id": "lab-000714", "instance_id": "app-02", "method": "GET", "path": "/records", "status": 200, "duration_ms": 56.0}
{"timestamp": "2026-08-20T11:29:45.073Z", "level": "INFO", "event": "http_request", "request_id": "lab-000715", "instance_id": "app-01", "method": "GET", "path": "/records", "status": 200, "duration_ms": 73.0}
{"timestamp": "2026-08-20T11:29:47.590Z", "level": "INFO", "event": "http_request", "request_id": "lab-000716", "instance_id": "app-02", "method": "GET", "path": "/counter", "status": 200, "duration_ms": 90.0}
{"timestamp": "2026-08-20T11:29:50.027Z", "level": "INFO", "event": "http_request", "request_id": "lab-000717", "instance_id": "app-01", "method": "GET", "path": "/counter", "status": 200, "duration_ms": 27.0}
{"timestamp": "2026-08-20T11:29:52.544Z", "level": "INFO", "event": "http_request", "request_id": "lab-000718", "instance_id": "app-02", "method": "GET", "path": "/instance", "status": 200, "duration_ms": 44.0}
{"timestamp": "2026-08-20T11:29:55.061Z", "level": "INFO", "event": "http_request", "request_id": "lab-000719", "instance_id": "app-01", "method": "GET", "path": "/instance", "status": 200, "duration_ms": 61.0}
{"timestamp": "2026-08-20T11:29:57.578Z", "level": "INFO", "event": "http_request", "request_id": "lab-000720", "instance_id": "app-02", "method": "GET", "path": "/", "status": 200, "duration_ms": 78.0}
